hfpxzc href,qBF1Pd,MW4etd,UY7F9,W4Efsd,W4Efsd (3),W4Efsd (4),W4Efsd (5),W4Efsd (6),UsdlK,FQ2IWe src,ah5Ghc,ah5Ghc (2),A1zNzb href,J8zHNe,bbPy1,AJB7ye,AJB7ye (2),Jn12ke src,ah5Ghc (3),ah5Ghc (4),ah5Ghc (5),doJOZc,W4Efsd (7),W4Efsd (8),A1zNzb href (2),J8zHNe (2),bbPy1 (2)
https://www.google.com/maps/place/%E8%82%89%E6%A1%82%E6%A8%B9%E8%82%89%E6%A1%82%E6%8D%B2+The+Cinnamon+Tree+%E5%85%A7%E6%B9%96%E5%BA%97/data=!4m7!3m6!1s0x3442ad00476bbfa9:0xf3b255904874cf62!8m2!3d25.0795142!4d121.5692732!16s%2Fg%2F11yhbbvgcz!19sChIJqb9rRwCtQjQRYs90SJBVsvM?authuser=0&hl=zh-TW&rclk=1,肉桂樹肉桂捲 The Cinnamon Tree 內湖店,5.0,(5),麵包西餅店,瑞光路517號2樓,營業中,· 打烊時間：18:00,·,02 7702 3317,https://lh3.googleusercontent.com/p/AF1QipMcmnR7A-eE7Z71M5ln0jHEAwi3ho0XdhtzBq0D=w139-h92-k-no,來店取貨,外送,https://www.google.com/viewer/chooseprovider?mid=/g/11yhbbvgcz&g2lbs=AO8LyOKqRGinBQbLfvLvv4i9nVZCilOa9GH6a9UByf3kEWCxBUfAQ3x_6fIzWAUgaJrMpyouFQPHwi-4n2yuz4wrlxPKKBpuRx-bw51Z4RiARiOYBpDhhfQ%3D&hl=zh-Hant-TW&gl=tw&fo_m=MfohQo559jFvMUOzJVpjPL1YMfZ3bInYwBDuMfaXTPp5KXh-&utm_source=tactile&gei=X9E7acq_K-rU1e8P2pSQ4AY&ei=X9E7acq_K-rU1e8P2pSQ4AY&fo_s=OA&opi=79508299&ebb=1&cs=0&foub=mcpp,"
線上點餐",,,,,,,,,,,,,
https://www.google.com/maps/place/Dreamers+Coffee+Roasters+%E5%85%A7%E6%B9%96%E5%BA%97/data=!4m7!3m6!1s0x3442adc868847041:0x16acacb1de7323b2!8m2!3d25.0800525!4d121.5688593!16s%2Fg%2F11mndhdwcz!19sChIJQXCEaMitQjQRsiNz3rGsrBY?authuser=0&hl=zh-TW&rclk=1,Dreamers Coffee Roasters 內湖店,4.8,"(2,162)",咖啡廳,瑞光路513巷22弄11號,營業中,· 打烊時間：18:00,·,02 2797 0819,https://lh3.googleusercontent.com/gps-cs-s/AG0ilSyY1xUIe4RgF6WkTD9Gaz6W0Wgv4wGfk92v2dh0H7tK5DV4mD5mh3Phjr1oAJeGKFmea19CBV70DhJkJ6QRXUIWfsmWrKVL2MyQpC24wL9kqB45bTqmx4z-LhnSw4At0o8Q3Qgu65ZIuSV1=w80-h142-k-no,"""好喜bagel麵團的樸實麵香；瑞典",肉桂捲,https://www.google.com/viewer/chooseprovider?mid=/g/11mndhdwcz&g2lbs=AO8LyOJFxA-IqBlLM3ZQIDnfc_6--4qTTl1KASFbsJpTnHrEa5641A_l4rPMLK21Pk1Ndfhrm2u-jb9t7k3X2wrPFIieM44sbTaBGtHSgQz4SSGXaq7UJcM%3D&hl=zh-Hant-TW&gl=tw&fo_m=MfohQo559jFvMUOzJVpjPL1YMfZ3bInYwBDuMfaXTPp5KXh-&utm_source=tactile&gei=X9E7acq_K-rU1e8P2pSQ4AY&ei=X9E7acq_K-rU1e8P2pSQ4AY&fo_s=OA&opi=79508299&orderType=1&ebb=1&cs=0&foub=mcpp,"
線上點餐",,·,$200-400,https://ssl.gstatic.com/local/servicebusiness/default_user.png,的,肉桂,"香及甜度也恰到好處🙂""",,,,,,
https://www.google.com/maps/place/%E8%82%89%E6%A1%82%E6%8D%B2%E3%82%B7%E3%83%8A%E3%83%A2%E3%83%B3%E3%83%AD%E3%83%BC%E3%83%AB%E8%A3%BD%E4%BD%9C%E6%89%80+%E5%85%A7%E6%B9%96%E9%96%80%E5%B8%82/data=!4m7!3m6!1s0x3442adbf9cf73bc1:0x5a7ad4ec53badd00!8m2!3d25.0783041!4d121.5779502!16s%2Fg%2F11s_vqccpz!19sChIJwTv3nL-tQjQRAN26U-zUelo?authuser=0&hl=zh-TW&rclk=1,肉桂捲シナモンロール製作所 內湖門市,4.6,(407),麵包西餅店,·,營業中,· 打烊時間：19:30,內湖路一段600巷8號,02 2250 5431,https://lh3.googleusercontent.com/gps-cs-s/AG0ilSxK5O7eoJCJqeqZDZ0dJ2FwnY4fKpiEHNW36SZ0caNi4fDWAA-_K0uSo_baXXBsEuGYBoXsqZfIfjLKOKp3nTHGL9OHrQgR7U9nfdZGRfeWHVsHLxT9svZnw6s4Ee1C3_RYAtAVbQ=w80-h106-k-no,"""吃過最好吃的",肉桂捲,https://www.google.com/viewer/chooseprovider?mid=/g/11s_vqccpz&g2lbs=AO8LyOJchk-91bXVMmI9bhUoxiCBSh64qyxL9LTYbWJ-Yks95jCgJ2We2XmpMt_zmCcjboPGi_1Qn67RSJlZQu7QVg6SYL-uEDr9p9KyM-JMi8o5pSZEQTI%3D&hl=zh-Hant-TW&gl=tw&fo_m=MfohQo559jFvMUOzJVpjPL1YMfZ3bInYwBDuMfaXTPp5KXh-&utm_source=tactile&gei=X9E7acq_K-rU1e8P2pSQ4AY&ei=X9E7acq_K-rU1e8P2pSQ4AY&fo_s=OA&opi=79508299&ebb=1&cs=0&foub=mcpp,"
線上點餐",,·,$1-200,https://ssl.gstatic.com/local/servicebusiness/default_user.png,，，練不愛,肉桂,"味的人也可以接受，實在太棒了👍🏼""",,·,,,,
https://www.google.com/maps/place/MOYO/data=!4m7!3m6!1s0x3442adb70d1f79a9:0x61791e82ac8eba63!8m2!3d25.0774556!4d121.5763693!16s%2Fg%2F11rvjzbg05!19sChIJqXkfDbetQjQRY7qOrIIeeWE?authuser=0&hl=zh-TW&rclk=1,MOYO,4.8,(65),咖啡店,江南街96巷9號1樓,即將打烊,：17:00 · 開始營業時間：週六13:30,·,02 8751 6058,https://lh3.googleusercontent.com/gps-cs-s/AG0ilSxRcJs-FxEbST4ZRjN5IexFxgbWXsbx-VHdac6IMqWZBTt4R7aQLCIDBHo4ElwUT93bQFpKhXPp-rdbqIUPjl0--sie-fsJGgECH0lboPYvFf8hb2MzJDvJw56PrZkV47jlkRw=w122-h92-k-no,購物者瀏覽過：,肉桂捲,,,,·,$200-400,https://www.gstatic.com/images/icons/material/system_gm/2x/account_circle_filled_googblue_24dp.png,,,,,,,,,
https://www.google.com/maps/place/AROS+COFFEE+%E4%B8%80%E7%B8%B7%E5%85%89/data=!4m7!3m6!1s0x3442adf45628cdaf:0xa2e591870948bcf0!8m2!3d25.0829173!4d121.5731744!16s%2Fg%2F11qy90kyrx!19sChIJr80oVvStQjQR8LxICYeR5aI?authuser=0&hl=zh-TW&rclk=1,AROS COFFEE 一縷光,4.6,(371),咖啡店,·,營業中,· 打烊時間：18:30,麗山街332 號,02 2799 6898,https://lh3.googleusercontent.com/gps-cs-s/AG0ilSz-JfjWT0KDZX5kgsJY1whKN_Zo2uDTskeSIkd_vCVpSFwRxvTeAcgRaPaSVMuObtVrozS1n2RNDzpMNy9dyxN8e9sZob2Y-jL3tkJ5k_ySsdNu0y5LknxF1vfaLTEInErtahUf=w92-h92-k-no,購物者瀏覽過：,肉桂捲,https://www.google.com/viewer/chooseprovider?mid=/g/11qy90kyrx&g2lbs=AO8LyOL8_FFKlmTiWrwKlmHo68JxP-3YdCFvvpu4njc3-M7tk9IvILYjiXY3-y7nny1fGDgKWJpuzGRYSMboiyS1l6b97vzo9U7jQxl2hwa7LO2GdCXc0Wk%3D&hl=zh-Hant-TW&gl=tw&fo_m=MfohQo559jFvMUOzJVpjPL1YMfZ3bInYwBDuMfaXTPp5KXh-&utm_source=tactile&gei=X9E7acq_K-rU1e8P2pSQ4AY&ei=X9E7acq_K-rU1e8P2pSQ4AY&fo_s=OA&opi=79508299&ebb=1&cs=0&foub=mcpp,"
線上點餐",,·,$200-400,https://www.gstatic.com/images/icons/material/system_gm/2x/account_circle_filled_googblue_24dp.png,,,,,·,,,,
https://www.google.com/maps/place/%E6%B0%B8%E5%B8%8C%E5%92%96%E5%95%A1%E9%BA%97%E5%B1%B1%E5%BA%97%EF%BC%88VISAVISCOFFEE+LISHAN%EF%BC%89%E3%80%8A%E5%BF%AB%E9%80%9F%E8%87%AA%E5%8F%96%E5%92%96%E5%95%A1%E3%80%8B%E5%92%96%E5%95%A1%E8%B1%86%E6%8E%A8%E8%96%A6%EF%BD%9C%E5%92%96%E5%95%A1%E8%B1%86%E5%A4%96%E9%80%81%EF%BD%9C%E6%9C%83%E8%AD%B0%E9%BB%9E%E5%BF%83%EF%BD%9C%E5%9C%98%E8%B3%BC%E5%92%96%E5%95%A1%EF%BD%9C%E7%B2%BE%E7%B7%BB%E4%B8%8B%E5%8D%88%E8%8C%B6%EF%BD%9C%E5%B9%B3%E5%83%B9%E5%92%96%E5%95%A1%EF%BD%9C%E4%B8%8A%E7%8F%AD%E6%97%8F%E5%92%96%E5%95%A1/data=!4m7!3m6!1s0x3442adcccfcd7877:0xedf4e57d5e6faef5!8m2!3d25.0817519!4d121.5707203!16s%2Fg%2F11t_r4kr3y!19sChIJd3jNz8ytQjQR9a5vXn3l9O0?authuser=0&hl=zh-TW&rclk=1,永希咖啡麗山店（VISAVISCOFFEE LISHAN）《快速自取咖啡》咖啡豆推薦｜咖啡豆外送｜會議點心｜團購咖啡｜精緻下午茶｜平價咖啡｜上班族咖啡,4.9,(46),咖啡廳,內湖路一段407號1樓,已打烊,⋅ 開始營業時間：週六09:00,·,02 2657 3737,https://lh3.googleusercontent.com/gps-cs-s/AG0ilSyxv4CiVjuXjlAnPSX_x_rSrw6ELA6eAnLbzW-FlqLzdg_dmm_FgDxC45ggx697giNSHKRABQoSRbgruXkBIpVUbwbAJjjaz3Vxjg5ic6iTeRZ9-pPn2s6YLrY3xaXTOLo4Jg4N=w163-h92-k-no,"""拿鐵很平衡順口，抹茶",肉桂捲,,,,·,$1-200,https://ssl.gstatic.com/local/servicebusiness/default_user.png,"蠻好吃，濕潤有彈性，抹茶醬不會太甜。""",,,,,,,,
https://www.google.com/maps/place/%E8%82%89%E6%A1%82%E5%85%88%E7%94%9F+Mr.cinnamon/data=!4m7!3m6!1s0x3442a9f2ac32d83b:0xd1f168e2d5cfa22!8m2!3d25.0498406!4d121.5198073!16s%2Fg%2F11rgc06c90!19sChIJO9gyrPKpQjQRIvpcLY4WHw0?authuser=0&hl=zh-TW&rclk=1,肉桂先生 Mr.cinnamon,4.7,(315),甜品店,·,營業中,· 打烊時間：19:00,長安西路52巷12號號旁,02 2559 8945,https://lh3.googleusercontent.com/gps-cs-s/AG0ilSznvSHr4RBetGFgdlTrAJorn_OgZyQEvGiOYatEwf-EB5AIzW8TT30DJ8iIyyN132TkVY6f_sBZy4muOMH3lklWbUsM6ICwzF1fYQf92N8SYIYlvxR44A3vnfUnsGatgVVl5stfEQ=w92-h92-k-no,購物者瀏覽過：,肉桂捲,,,,,,https://www.gstatic.com/images/icons/material/system_gm/2x/account_circle_filled_googblue_24dp.png,,,,,·,,,,
https://www.google.com/maps/place/CINNaTREAT+%E8%82%89%E6%A1%82%E6%AC%BE%E5%BE%85+%E9%BB%9E%E5%BF%83%E5%9D%8A%EF%BC%88%E8%82%89%E6%A1%82%E6%8D%B2%E5%B0%88%E9%96%80%E5%BA%97%29/data=!4m7!3m6!1s0x3442ab7097355f63:0x7cb38801c24d112d!8m2!3d25.053049!4d121.5550772!16s%2Fg%2F11wnmyg510!19sChIJY181l3CrQjQRLRFNwgGIs3w?authuser=0&hl=zh-TW&rclk=1,CINNaTREAT 肉桂款待 點心坊（肉桂捲專門店),5.0,(126),麵包西餅店,南京東路四段133巷8弄1號,即將打烊,：17:00 · 開始營業時間：週三12:00,,,https://lh3.googleusercontent.com/gps-cs-s/AG0ilSz9rp0dfAQ-XT--zneMVpX7CB0K_MGD26Nq7QxXe63Jm2DN6NBojY6HksJhjAkqYIBjrwmOOuMeYCzav-m1hTsUiHxWyeB0nYgOPTnJYkoyuDkpksRfV7nmtmZIXkzphxnAVQdU=w80-h106-k-no,"""終於🥹又找到好吃",的肉桂,https://www.google.com/viewer/chooseprovider?mid=/g/11wnmyg510&g2lbs=AO8LyOILuAoumvsrx5vDuduP1t0Yq-IBhGiBWk8yMhd8w-4-0cz7AdUxTRQ_AeB8qblE31TuW9CrRq5HgagdyIGxfcTqsMj5Qae90yojNBckPCY4PTMTg-o%3D&hl=zh-Hant-TW&gl=tw&fo_m=MfohQo559jFvMUOzJVpjPL1YMfZ3bInYwBDuMfaXTPp5KXh-&utm_source=tactile&gei=X9E7acq_K-rU1e8P2pSQ4AY&ei=X9E7acq_K-rU1e8P2pSQ4AY&fo_s=OA&opi=79508299&ebb=1&cs=0&foub=mcpp,"
線上點餐",,·,$1-200,https://ssl.gstatic.com/local/servicebusiness/default_user.png,捲了🥹 濕潤又,扎實,"肉桂味又很夠而且不會太甜！""",,,,,,
https://www.google.com/maps/place/Miss+V+Bakery+Cafe+%E8%B5%A4%E5%B3%B0%E5%BA%97/data=!4m7!3m6!1s0x3442a969841196cf:0x3d98adc0ae84443!8m2!3d25.0556886!4d121.5202932!16s%2Fg%2F11btwsp7g_!19sChIJz5YRhGmpQjQRQ0ToCtyK2QM?authuser=0&hl=zh-TW&rclk=1,Miss V Bakery Cafe 赤峰店,4.2,"(2,123)",咖啡廳,·,營業中,· 打烊時間：19:00,赤峰街49巷22號1樓,02 2559 7391,https://lh3.googleusercontent.com/p/AF1QipPizcKi-A9M_Exc8iU4bvAPhqo52PqJj02WXvQo=w137-h92-k-no,"""招牌的",肉桂捲,https://www.google.com/viewer/chooseprovider?mid=/g/11btwsp7g_&g2lbs=AO8LyOJKDQbnCkp2dzkfHxuvSnhryU-6Wr-RjzqBAP5NyVezrkh5eg0DBFgqHX8A5WA1TsA5OPUB1WQ-MIdSDCuv1nLEY9EcqU50ngGj-i-Ml7Ra6qBiFRA%3D&hl=zh-Hant-TW&gl=tw&fo_m=MfohQo559jFvMUOzJVpjPL1YMfZ3bInYwBDuMfaXTPp5KXh-&utm_source=tactile&gei=X9E7acq_K-rU1e8P2pSQ4AY&ei=X9E7acq_K-rU1e8P2pSQ4AY&fo_s=OA&opi=79508299&ebb=1&cs=0&foub=mcpp,"
線上點餐",,·,$200-400,https://ssl.gstatic.com/local/servicebusiness/default_user.png,真的很好吃，,肉桂,"味濃又不會太甜膩。""",,提供甜點和蛋糕的舒適咖啡館,·,,,
https://www.google.com/maps/place/Niho+cinnamon+rolls+%E8%82%89%E6%A1%82%E6%8D%B2%E7%A6%AE%E7%9B%92%E5%B0%88%E9%96%80%E5%BA%97/data=!4m7!3m6!1s0x3442a91701108e8f:0x3a551cc5a78d09ea!8m2!3d25.0540223!4d121.5220645!16s%2Fg%2F11thqx8jwf!19sChIJj44QARepQjQR6gmNp8UcVTo?authuser=0&hl=zh-TW&rclk=1,Niho cinnamon rolls 肉桂捲禮盒專門店,4.9,(385),禮盒專賣店,·,營業中,· 打烊時間：19:00,中山北路二段26巷5號,0913 390 728,https://lh3.googleusercontent.com/gps-cs-s/AG0ilSzu63qN7fz7kXyWMprKznBxddrl_0j-jCFX2F8Z1ufbA5ridOoKx9g_La-xVyjcSrsbbs5l2FiAblO34WsNO3J3CP2ioKc5i5_rlegiCusNY8ECoyr6q3xkLk1Aj2V-IN8TzZUV=w122-h92-k-no,"""本身不太吃肉桂",捲,,,,,,https://ssl.gstatic.com/local/servicebusiness/default_user.png,的我，吃下去整個對,肉桂捲,"改觀，超級好吃！""",,·,,,,
https://www.google.com/maps/place/%E8%82%89%E6%A1%82%E6%A8%B9+%E6%B0%B8%E5%BA%B7%E5%BA%97/data=!4m7!3m6!1s0x3442a99eb1b0d51b:0x977c43fc6a74b64c!8m2!3d25.0312988!4d121.5300035!16s%2Fg%2F11tx3rs3bd!19sChIJG9WwsZ6pQjQRTLZ0avxDfJc?authuser=0&hl=zh-TW&rclk=1,肉桂樹 永康店,4.8,(290),麵包西餅店,金華街243巷42號,營業中,· 打烊時間：20:00,·,02 7702 3317,https://lh3.googleusercontent.com/gps-cs-s/AG0ilSy3gZU6CKcQuzP4NnUMdWZvYRvufIuTfGWvmWxWjEuXnLSBS7GAsEwMDslw3GPnm42k4Qzb-sfI62qsNZDIJ4MAsIReZdT-YJhpercP9MKvNdqQoZTR0mJbTFSX4KweMFG8j9_d9Q=w92-h92-k-no,"""",肉桂捲,https://www.google.com/viewer/chooseprovider?mid=/g/11tx3rs3bd&g2lbs=AO8LyOK6ScU17Oh6jgsXUgctIXscdM9-T3RjxnX8WXA6_tN4Mc44SGbbIFjXckECt-o9yIq0F6X0vImm494nqzKAzhB685mXPM60jJdpX00PtrF5H8mXtPw%3D&hl=zh-Hant-TW&gl=tw&fo_m=MfohQo559jFvMUOzJVpjPL1YMfZ3bInYwBDuMfaXTPp5KXh-&utm_source=tactile&gei=X9E7acq_K-rU1e8P2pSQ4AY&ei=X9E7acq_K-rU1e8P2pSQ4AY&fo_s=OA&opi=79508299&ebb=1&cs=0&foub=mcpp,"
線上點餐",,·,$1-200,https://ssl.gstatic.com/local/servicebusiness/default_user.png,"味道超香，熱熱的吃真的很好吃，上面的焦糖也很多，超級無敵能撫慰心靈""",,,,,,,,
https://www.google.com/maps/place/%E8%82%89%E6%A1%82%E6%A8%B9+The+Cinnamon+Tree+%E8%82%89%E6%A1%82%E6%8D%B2-%E5%B8%AB%E5%A4%A7%E5%BA%97/data=!4m7!3m6!1s0x3442a9144721f361:0xf5b5e3735d39cf36!8m2!3d25.0243025!4d121.5287731!16s%2Fg%2F11s1bbl61w!19sChIJYfMhRxSpQjQRNs85XXPjtfU?authuser=0&hl=zh-TW&rclk=1,肉桂樹 The Cinnamon Tree 肉桂捲-師大店,4.7,(490),咖啡廳,師大路49巷3號1樓,營業中,· 打烊時間：21:00,·,02 2367 5557,https://lh3.googleusercontent.com/gps-cs-s/AG0ilSy1OztpZrmzozIYqjNGuo1bSgHnDLp3yNLULVXyzyPKPk6jULexvGMLPM-cQIMEWebEPFwipn3vtumADgc2lVv8VcdUn1Nsk3oXSjI6r2hA-CQYeCeNLn_k4OG6Wg6lwaxXrRKn=w80-h164-k-no,"""",肉桂捲,https://www.google.com/viewer/chooseprovider?mid=/g/11s1bbl61w&g2lbs=AO8LyOLFm3ifJrsCuXnMvTSpkRsEDTnTwgEagbw6yYq7QtIrcIR_Z4Cww3K7AosV-S1qPsFsfG_mdDUkHA6eSvBpTVnjvRPOYvttFx99ARNv-ZLBUFe7QlM%3D&hl=zh-Hant-TW&gl=tw&fo_m=MfohQo559jFvMUOzJVpjPL1YMfZ3bInYwBDuMfaXTPp5KXh-&utm_source=tactile&gei=X9E7acq_K-rU1e8P2pSQ4AY&ei=X9E7acq_K-rU1e8P2pSQ4AY&fo_s=OA&opi=79508299&ebb=1&cs=0&foub=mcpp,"
線上點餐",,·,$1-200,https://ssl.gstatic.com/local/servicebusiness/default_user.png,"也好吃還會幫忙加熱，適合拿著到旁邊的公園找張椅子坐著吃～～""",,,,,,,,
https://www.google.com/maps/place/Timchi%E2%80%99s%E9%80%B1%E6%9C%AB%E8%82%89%E6%A1%82%E6%8D%B2+%E9%A0%90%E7%B4%84%E5%88%B6+%E8%A8%82%E8%B3%BC%E8%AB%8B%E5%8A%A0+LINE+ID+:+@timchi4522/data=!4m7!3m6!1s0x3442ab13b8d6cc93:0x360457876432700c!8m2!3d25.0539266!4d121.6151996!16s%2Fg%2F11rrr1v1qd!19sChIJk8zWuBOrQjQRDHAyZIdXBDY?authuser=0&hl=zh-TW&rclk=1,Timchi’s週末肉桂捲 預約制 訂購請加 LINE ID : @timchi4522,5.0,(962),麵包西餅店,·,營業中,· 打烊時間：19:00,中南街50號,,https://lh3.googleusercontent.com/gps-cs-s/AG0ilSyxOgc6-whJk48A-M-uxcgmbhVsQ_n_BU_Os_8emWR3qsvwgDQowfGlxa871-gwA0V5uR6r9A5nySRLnRCqpkqSrd5mKg5dz3rjHMTVgINF4E5waOZOq5xsU13XxUu7prVdebkC=w80-h106-k-no,"""",肉桂捲,,,,,,https://ssl.gstatic.com/local/servicebusiness/default_user.png,的,肉桂,"味很濃，甜度濕度剛剛好，吃完一個也不會膩。""",,,,,,
https://www.google.com/maps/place/Forty4Cafe+%E6%B0%B8%E6%98%A5%E5%BA%97+%7C+%E8%82%89%E6%A1%82%E6%8D%B2%E5%B0%88%E9%96%80/data=!4m7!3m6!1s0x3442abe8ffd8ad67:0xa621f3920b940c14!8m2!3d25.0403853!4d121.5763823!16s%2Fg%2F11yfq33ms4!19sChIJZ63Y_-irQjQRFAyUC5LzIaY?authuser=0&hl=zh-TW&rclk=1,Forty4Cafe 永春店 | 肉桂捲專門,5.0,(92),咖啡店,虎林街132巷16號一樓,營業中,· 打烊時間：20:00,·,0903 503 420,https://lh3.googleusercontent.com/p/AF1QipOVoJkecaaRP4quag9MSvUK4QcyEoBkQTQan1VJ=w138-h92-k-no,"""",肉桂捲,,,,·,$200-400,https://ssl.gstatic.com/local/servicebusiness/default_user.png,"好吃，好看又好拍
生椰雲朵美式超順口""",,,,,,,,
https://www.google.com/maps/place/by+CF+%E6%89%8B%E5%B7%A5%E8%82%89%E6%A1%82%E6%8D%B2%EF%BC%88%E8%8A%9D%E5%B1%B1%E7%AB%99%EF%BC%89/data=!4m7!3m6!1s0x3442afd02f36686f:0x7d5f7ad9062ee063!8m2!3d25.103013!4d121.521112!16s%2Fg%2F11ptzm_d5n!19sChIJb2g2L9CvQjQRY-AuBtl6X30?authuser=0&hl=zh-TW&rclk=1,by CF 手工肉桂捲（芝山站）,4.6,(191),甜品店,·,營業中,· 打烊時間：19:30,福華路147巷25號,02 2832 0858,https://lh3.googleusercontent.com/gps-cs-s/AG0ilSzHnipvxPEDOMGLHjGQ1cenZJRIltwvqyO25-S8ey5sxRxutEu9ugCx0EhsEheYep34uq-4jtP8mZmicy68lcr28hlMV-35zX-RQIz7E55aEJf7bqI_LDvwxlJy1mCyFZo0FL2e5w=w80-h106-k-no,"""大推黑糖核桃",肉桂捲,https://www.google.com/viewer/chooseprovider?mid=/g/11ptzm_d5n&g2lbs=AO8LyOKoAPPdZ0BZRHFN-d_x7_JJg9mZqrfWMhZb3hcltvWeWd4R6eopZoH3oNBOXFjRTtCzYYr3l4M6JQZvOC3WTnQli1-c7nj9iTtzmqUJbRVvn28mVE4%3D&hl=zh-Hant-TW&gl=tw&fo_m=MfohQo559jFvMUOzJVpjPL1YMfZ3bInYwBDuMfaXTPp5KXh-&utm_source=tactile&gei=X9E7acq_K-rU1e8P2pSQ4AY&ei=X9E7acq_K-rU1e8P2pSQ4AY&fo_s=OA&opi=79508299&ebb=1&cs=0&foub=mcpp,"
線上點餐",,,,https://ssl.gstatic.com/local/servicebusiness/default_user.png,，,肉桂捲,"整體不會過於辛辣也不過甜，麵包體濕潤且核桃酥脆。""",,·,,,,
https://www.google.com/maps/place/%E8%82%89%E6%A1%82%E6%8D%B2%E3%82%B7%E3%83%8A%E3%83%A2%E3%83%B3%E3%83%AD%E3%83%BC%E3%83%AB%E8%A3%BD%E4%BD%9C%E6%89%80+%E9%9B%99%E9%80%A3%E9%96%80%E5%B8%82/data=!4m7!3m6!1s0x3442a9e8ddc371c9:0xcc563b16786e515a!8m2!3d25.0583064!4d121.5191329!16s%2Fg%2F11sw2b9r93!19sChIJyXHD3eipQjQRWlFueBY7Vsw?authuser=0&hl=zh-TW&rclk=1,肉桂捲シナモンロール製作所 雙連門市,4.5,(259),麵包西餅店,雙連街19號,營業中,· 打烊時間：20:00,·,02 2557 5005,https://lh3.googleusercontent.com/gps-cs-s/AG0ilSxfnNk-YocX7tooMBU7Ip5-FEsK0kry0mu4VFcEPuvamw6SP1lLUhheu1L7SseIeGnGRMqWocyK_yihYm59hiKd_r6IGJ-gWF9d_lCAxITkQIDB5RMayoMSt8PDnr2Tya1eABYm=w92-h92-k-no,"""",肉桂捲,https://www.google.com/viewer/chooseprovider?mid=/g/11sw2b9r93&g2lbs=AO8LyOL7l0bpk_XaoQS2AvNhj6PMNFkq_QQNPda0Us1gEUzCt8Mb9ZCAJmRdxfwwzvDxEiwPLaorfBHiTjEcun17e27Ugk8Ucc9IziSlY49ARDE-PkRHnog%3D&hl=zh-Hant-TW&gl=tw&fo_m=MfohQo559jFvMUOzJVpjPL1YMfZ3bInYwBDuMfaXTPp5KXh-&utm_source=tactile&gei=X9E7acq_K-rU1e8P2pSQ4AY&ei=X9E7acq_K-rU1e8P2pSQ4AY&fo_s=OA&opi=79508299&ebb=1&cs=0&foub=mcpp,"
線上點餐",,·,$1-200,https://ssl.gstatic.com/local/servicebusiness/default_user.png,"好香，好好吃，有特殊口味都想來一個試試：D""",,,,,,,,
https://www.google.com/maps/place/The+Platypus+Caf%C3%A9/data=!4m7!3m6!1s0x3442ad6fd36a9917:0x516e285d7f9168d6!8m2!3d25.0717975!4d121.5781498!16s%2Fg%2F11rtqbsqgz!19sChIJF5lq02-tQjQR1miRf10oblE?authuser=0&hl=zh-TW&rclk=1,The Platypus Café,4.7,(185),咖啡店,陽光街321巷40號,營業中,· 打烊時間：18:00,,,https://lh3.googleusercontent.com/gps-cs-s/AG0ilSyWSGt-oljd7Qnut-lNIB3XrhJ_zvyGA9yznMuk_0VWI3uShOwB4Wnppx8v5odap5EMrXlberwKUtSJ3kTxiJTnTtzZWUeEgQ5_7jNAj1hv2qJAUpEBwHmpTwVEsSbUwiuA-Z7d9g=w163-h92-k-no,"""可麗露、",肉桂捲,,,,·,$200-400,https://ssl.gstatic.com/local/servicebusiness/default_user.png,"、微醺提拉米蘇都非常美味，提拉米蘇酒味如果再濃一點會更讚""",,,,,,,,
https://www.google.com/maps/place/%E5%9C%A8%E5%B1%B1%E9%87%8E%E5%B0%8D%E8%A9%B1/data=!4m7!3m6!1s0x3442ac6363ed8487:0x3a0b826b8f389f0a!8m2!3d25.0780797!4d121.5772581!16s%2Fg%2F11b6r_dljk!19sChIJh4TtY2OsQjQRCp84j2uCCzo?authuser=0&hl=zh-TW&rclk=1,在山野對話,4.5,(361),咖啡廳,·,即將打烊,：17:00 · 開始營業時間：週一12:00,港墘路127巷16弄10號,02 2658 9906,https://lh3.googleusercontent.com/gps-cs-s/AG0ilSyhmibnbHzis0eREDXUseJIlo7CHvf5EjlZ5bqQRj25gHQY5WRnwWtrCVuWMpcVfyObDyaphQniRLaCPS89I2CaZ9J5FdjiCvWX3zyUwjmx7pDFOGQSbDw1h_jG3DDzUKw6GcH2jA=w80-h106-k-no,"""點了黑糖",肉桂,,,,·,$200-400,https://ssl.gstatic.com/local/servicebusiness/default_user.png,"拿鐵，加價的早餐也好好吃，鬆軟的麵包沾太陽蛋蛋黃，無比美味。""",,,,·,,,,
https://www.google.com/maps/place/Forty4Cafe+%E5%85%A7%E6%B9%96%E5%BA%97/data=!4m7!3m6!1s0x3442ad44f582946f:0x60fe6de2e18463fe!8m2!3d25.0784739!4d121.5958032!16s%2Fg%2F11tcw6rvdl!19sChIJb5SC9UStQjQR_mOE4eJt_mA?authuser=0&hl=zh-TW&rclk=1,Forty4Cafe 內湖店,4.9,(256),咖啡店,康寧路一段181巷1號,營業中,· 打烊時間：19:00,·,0926 851 129,https://lh3.googleusercontent.com/gps-cs-s/AG0ilSxu0PosC1KsH0xdzMjLls9E_UaeGTfBIy_vfOy7dEGnwAgIb1odqLPofq0QmeMvdHtDWbrpPfI5050XMmMfJCMQfqce_-gwGONnmgBLu2JDLCKrPk4pPX-n9s7s1AgLpsgBIQqj=w122-h92-k-no,購物者瀏覽過：,肉桂捲,,,,·,$1-200,https://www.gstatic.com/images/icons/material/system_gm/2x/account_circle_filled_googblue_24dp.png,,,,,,,,,
https://www.google.com/maps/place/Twin+Brothers+Coffee/data=!4m7!3m6!1s0x3442abc4c4d797db:0xb520432c7ef4509d!8m2!3d25.0497608!4d121.5179966!16s%2Fg%2F11ggzbt777!19sChIJ25fXxMSrQjQRnVD0fixDILU?authuser=0&hl=zh-TW&rclk=1,Twin Brothers Coffee,4.6,"(3,352)",咖啡店,·,營業中,· 打烊時間：19:00,華陰街77號,02 2550 9298,https://lh3.googleusercontent.com/gps-cs-s/AG0ilSxutN1KDW-M0yCF0ihwj8_TP7MfVLmujXNAcaieBIxMqkxmXoW1qrZ59a3iIXtO9NR0dHDgonlbfPN0lEeWWQgP095vV5kYuKuAsih39DE1zSALS9gqs6C4951WJ2HsEWdt2rfXkA=w163-h92-k-no,購物者瀏覽過：,肉桂捲,,,,·,$1-200,https://www.gstatic.com/images/icons/material/system_gm/2x/account_circle_filled_googblue_24dp.png,,,,,提供熱飲和點心的時尚咖啡廳,·,,,
https://www.google.com/maps/place/%E8%98%8B%E6%9E%9C%E8%82%89%E6%A1%82+Caf%C3%A9+%26+Bistro/data=!4m7!3m6!1s0x3442aba69a736d7d:0x5fa723326134851c!8m2!3d25.0373993!4d121.5776433!16s%2Fg%2F1pzs96z5r!19sChIJfW1zmqarQjQRHIU0YTIjp18?authuser=0&hl=zh-TW&rclk=1,蘋果肉桂 Café & Bistro,4.6,"(1,078)",咖啡廳,·,營業中,· 打烊時間：21:00,松山路540巷3弄4號,02 2727 0304,https://lh3.googleusercontent.com/gps-cs-s/AG0ilSyELZWP_-GGKx5jko2_qzM10I50I48vtQM4nCbY_TyOOyTx1z8BFvkjZno1YyZEmioob-BsKXj78wl7Wncn9jd8Uiv1EcJHyHFUJgJbM--xugLWmYkVfpFpTf7okRo8Qq3CnQ=w92-h92-k-no,"""蘋果派",肉桂捲,,,,·,$200-400,https://ssl.gstatic.com/local/servicebusiness/default_user.png,"都好吃，口味偏甜但不膩，另外花生醬拿鐵挺特別，可以嘗試。""",,,,供應飲品和輕食的時尚餐廳,·,,,
https://www.google.com/maps/place/O%C3%99+DESSERT+%E7%94%9C%E9%BB%9E%E5%9C%A8%E9%82%A3%E8%A3%A1+%EF%BD%9CKaffa+Caf%C3%A9+%E5%92%96%E5%95%A1%EF%BD%9CBakery+%7C+LUNCH/data=!4m7!3m6!1s0x3442ac6cab57081f:0x7296174058b82099!8m2!3d25.0854421!4d121.5598711!16s%2Fg%2F12m967yk1!19sChIJHwhXq2ysQjQRmSC4WEAXlnI?authuser=0&hl=zh-TW&rclk=1,OÙ DESSERT 甜點在那裡 ｜Kaffa Café 咖啡｜Bakery | LUNCH,4.7,(119),麵包西餅店,文湖街7-3號,營業中,· 打烊時間：18:30,·,02 2656 1780,https://lh3.googleusercontent.com/gps-cs-s/AG0ilSxZpG-qT124j7IRyzdR96SsTijyCcuSym5uP72R0acPk8SNXOaEvzr3mLevl0wErxL6ZkG4waxWJqH2RrUMF8glq4OCuXS2JHrZuG5x1Lcr4uw3JlXS14-9QzLuMnkdpeWHuhRN=w122-h92-k-no,"""來嚐",肉桂捲,,,,·,$200-400,https://ssl.gstatic.com/local/servicebusiness/default_user.png,"真的很喜歡
第一次吃到加上焦糖醬
超犯規
好搭 好好吃🤤""",,,,,,,,
https://www.google.com/maps/place/Boulangerie+Ours/data=!4m7!3m6!1s0x3442ab6ae0f83e0b:0x45bfaf9da43c9f0e!8m2!3d25.0256244!4d121.5479493!16s%2Fg%2F11hq0cwkz0!19sChIJCz744GqrQjQRDp88pJ2vv0U?authuser=0&hl=zh-TW&rclk=1,Boulangerie Ours,4.7,(479),麵包西餅店,·,營業中,· 打烊時間：18:00,四維路375-3號一樓,02 2707 5033,https://lh3.googleusercontent.com/gps-cs-s/AG0ilSwLr_qkf_eqCF5qFdLvzNLl1iIGHBMTKqCmNh_LrnF4sETaHsmHAQpL13qbqXxZIOdybigYF3i7OfllA6a_eVuXkWSWm3U35DJ3W66nQckimsc5jqUeRVK-41YLhTAFPFYtTEuk0Q=w80-h106-k-no,購物者瀏覽過：,肉桂捲,https://www.google.com/viewer/chooseprovider?mid=/g/11hq0cwkz0&g2lbs=AO8LyOKPkrSEGLF2OB-q864UsdHOsthOvyP0ik2QwA1femnq_ptvHMW-Rk6tcdD5TZxbklSCR--UTCwW_GaABY-F6gR4UL9ONykLeNYdSsf-dfAE_f4JLDI%3D&hl=zh-Hant-TW&gl=tw&fo_m=MfohQo559jFvMUOzJVpjPL1YMfZ3bInYwBDuMfaXTPp5KXh-&utm_source=tactile&gei=bdE7afqNKKDDvr0P4vnR8Aw&ei=bdE7afqNKKDDvr0P4vnR8Aw&fo_s=OA&opi=79508299&orderType=1&ebb=1&cs=0&foub=mcpp,"
線上點餐",,·,$200-400,https://www.gstatic.com/images/icons/material/system_gm/2x/account_circle_filled_googblue_24dp.png,,,,,供應輕食的愜意烘焙坊,·,,,
https://www.google.com/maps/place/Miss+V+Bakery+Cafe+%E6%95%A6%E5%8C%97%E5%BA%97/data=!4m7!3m6!1s0x3442abef7db24493:0x4892ecc2279f3f33!8m2!3d25.0591107!4d121.547428!16s%2Fg%2F11f101cplm!19sChIJk0Syfe-rQjQRMz-fJ8Lskkg?authuser=0&hl=zh-TW&rclk=1,Miss V Bakery Cafe 敦北店,4.2,(762),麵包西餅店,·,營業中,· 打烊時間：18:30,民生東路三段113巷25弄41號1樓,02 8712 3685,https://lh3.googleusercontent.com/gps-cs-s/AG0ilSzeEOelObHN5qJQdXGLKNGmHtCVGP-A8jQVT9sSym6HcRMntyhUA509Dd9gWl5xQfyzNEfPdq-sYyVe4zKYkPATywdbp_4rbgvaa5bkHNkQBIvjGJR7IsRxLzBB5g10WdZDjoWuQg=w80-h106-k-no,購物者瀏覽過：,肉桂捲,,,,·,$200-400,https://www.gstatic.com/images/icons/material/system_gm/2x/account_circle_filled_googblue_24dp.png,,,,,供應輕食和蛋糕的咖啡廳兼烘焙坊,·,,,
https://www.google.com/maps/place/Heritage+Bakery+%26+Cafe/data=!4m7!3m6!1s0x3442a90c8d2761cb:0xcbcf3961545181d1!8m2!3d25.045299!4d121.511842!16s%2Fg%2F11c50p9zq0!19sChIJy2EnjQypQjQR0YFRVGE5z8s?authuser=0&hl=zh-TW&rclk=1,Heritage Bakery & Cafe,4.3,"(2,531)",咖啡廳,·,營業中,· 打烊時間：19:30,漢口街一段73之2號,02 2311 1079,https://lh3.googleusercontent.com/gps-cs-s/AG0ilSybUx38izdRKqDiQimPTjo7jDW9fE8Xdm564uYvRJaJUBm8FkV6R8uLhA0-k8UBUvoXk4c6O_XnLxypGUgE0yEOuaVxhgL8whVFLo0rwlrV2vZ0CXRD2sgZLJ7c9ECGwsumVgXU_A=w122-h92-k-no,"""",肉桂捲,https://www.google.com/viewer/chooseprovider?mid=/g/11c50p9zq0&g2lbs=AO8LyOKpmeh5AAis1xzrqVr4IZLZeG1WvCCJt_wcoYth7B0Z_b9AcXmgQsuvXAE6d_LA7HcvhtIW2_aIFAYoQJGEPpL0F4eRVjUXKCYCmZ-6_FTRu1FUQOc%3D&hl=zh-Hant-TW&gl=tw&fo_m=MfohQo559jFvMUOzJVpjPL1YMfZ3bInYwBDuMfaXTPp5KXh-&utm_source=tactile&gei=bdE7afqNKKDDvr0P4vnR8Aw&ei=bdE7afqNKKDDvr0P4vnR8Aw&fo_s=OA&opi=79508299&ebb=1&cs=0&foub=mcpp,"
線上點餐",,·,$200-400,https://ssl.gstatic.com/local/servicebusiness/default_user.png,"也好吃😋 乳酪塔味道也不錯，但吃起來比較重口味（焦糖加很多）""",,,,提供精緻甜品的時髦咖啡廳,·,"https://www.google.com/maps/reserve/v/dine/c/H1XGhEqgKkQ?source=pa&opi=79508299&hl=zh-TW&gei=bdE7afqNKKDDvr0P4vnR8Aw&sourceurl=https://www.google.com/search?tbm%3Dmap%26authuser%3D0%26hl%3Dzh-TW%26gl%3Dtw%26pb%3D!4m9!1m3!1d249165.93839415725!2d121.46201214185912!3d25.064912685411315!2m0!3m2!1i1280!2i585!4f13.1!7i20!8i20!10b1!12m26!1m5!18b1!30b1!31m1!1b1!34e1!2m4!5m1!6e2!20e3!39b1!10b1!12b1!13b1!16b1!17m1!3e1!20m4!5e2!6b1!8b1!14b1!46m1!1b0!96b1!99b1!19m4!2m3!1i360!2i120!4i8!20m65!2m2!1i203!2i100!3m2!2i4!5b1!6m6!1m2!1i86!2i86!1m2!1i408!2i240!7m33!1m3!1e1!2b0!3e3!1m3!1e2!2b1!3e2!1m3!1e2!2b0!3e3!1m3!1e8!2b0!3e3!1m3!1e10!2b0!3e3!1m3!1e10!2b1!3e2!1m3!1e10!2b0!3e4!1m3!1e9!2b1!3e2!2b1!9b0!15m16!1m7!1m2!1m1!1e2!2m2!1i195!2i195!3i20!1m7!1m2!1m1!1e2!2m2!1i195!2i195!3i20!22m5!1sV9E7aeqOELa2vr0PzNWJgAc:112!2s1i:0,t:246204,p:V9E7aeqOELa2vr0PzNWJgAc:112!7e81!12e22!17sV9E7aeqOELa2vr0PzNWJgAc:113!24m109!1m30!13m9!2b1!3b1!4b1!6i1!8b1!9b1!14b1!20b1!25b1!18m19!3b1!4b1!5b1!6b1!9b1!13b1!14b1!17b1!20b1!21b1!22b1!27m1!1b0!28b0!32b1!33m1!1b1!34b1!36e2!10m1!8e3!11m1!3e1!14m1!3b0!17b1!20m2!1e3!1e6!24b1!25b1!26b1!27b1!29b1!30m1!2b1!36b1!37b1!39m3!2m2!2i1!3i1!43b1!52b1!54m1!1b1!55b1!56m1!1b1!61m2!1m1!1e1!65m5!3m4!1m3!1m2!1i224!2i298!72m22!1m8!2b1!5b1!7b1!12m4!1b1!2b1!4m1!1e1!4b1!8m10!1m6!4m1!1e1!4m1!1e3!4m1!1e4!3sother_user_google_review_posts__and__hotel_and_vr_partner_review_posts!6m1!1e1!9b1!89b1!98m3!1b1!2b1!3b1!103b1!113b1!114m3!1b1!2m1!1b1!117b1!122m1!1b1!126b1!127b1!26m4!2m3!1i80!2i92!4i8!30m28!1m6!1m2!1i0!2i0!2m2!1i530!2i585!1m6!1m2!1i1230!2i0!2m2!1i1280!2i585!1m6!1m2!1i0!2i0!2m2!1i1280!2i20!1m6!1m2!1i0!2i565!2m2!1i1280!2i585!34m19!2b1!3b1!4b1!6b1!8m6!1b1!3b1!4b1!5b1!6b1!7b1!9b1!12b1!14b1!20b1!23b1!25b1!26b1!31b1!37m1!1e81!42b1!46m1!1e10!47m0!49m10!3b1!6m2!1b1!2b1!7m2!1e3!2b1!8b1!9b1!10e2!50m26!1m21!2m7!1u3!4z54ef5qWt5Lit!5e1!9s0ahUKEwiK66r8z7eRAxVqavUHHVoKBGwQ_KkBCAcoAg!10m2!3m1!1e1!2m7!1u2!4z6KmV5YiG5pyA6auY!5e1!9s0ahUKEwiK66r8z7eRAxVqavUHHVoKBGwQ_KkBCAgoAw!10m2!2m1!1e1!3m1!1u2!3m1!1u3!4BIAE!2e2!3m2!1b1!3b1!59BQ2dBd0Fn!67m5!7b1!10b1!14b1!15m1!1b0!69i761%26q%3D%25E8%2582%2589%25E6%25A1%2582%25E6%258D%25B2%26ech%3D2%26psi%3DV9E7aeqOELa2vr0PzNWJgAc.1765527896960.1","
訂位",
https://www.google.com/maps/place/fly+cafe/data=!4m7!3m6!1s0x3442ab51080fa46f:0x392cc2741b7289e2!8m2!3d25.0548651!4d121.5500698!16s%2Fg%2F11frrygrnv!19sChIJb6QPCFGrQjQR4olyG3TCLDk?authuser=0&hl=zh-TW&rclk=1,fly cafe,3.9,(543),咖啡店,·,營業中,· 打烊時間：18:00,敦化北路165巷1號,02 2784 6899,,"""招牌",肉桂捲,,,,·,$200-400,https://ssl.gstatic.com/local/servicebusiness/default_user.png,"好吃😋現在160元一個～蠻大個的，剛買來熱熱吃～好香柔軟好吃😋""",,,,·,,,,
https://www.google.com/maps/place/Reeds+Coffee+%26+Bakery/data=!4m7!3m6!1s0x3442ac8c1573ad49:0x5149a25e923e0209!8m2!3d25.0799349!4d121.5897048!16s%2Fg%2F11cmqz9s1l!19sChIJSa1zFYysQjQRCQI-kl6iSVE?authuser=0&hl=zh-TW&rclk=1,Reeds Coffee & Bakery,4.3,"(1,060)",咖啡店,·,營業中,· 打烊時間：20:00,成功路三段146號,02 2790 3266,,購物者瀏覽過：,肉桂捲,https://www.google.com/viewer/chooseprovider?mid=/g/11cmqz9s1l&g2lbs=AO8LyOLdm_jkKLm0-GSbD8fctudyBGtDSQU5AWVU72ozvyBuw61ZAX0phyDfoRVEjq4mDyWljBWoyBpRW9Ygw7fqDDhJ5qNvSOFACEoU5OtaY9j_zCoMxC0%3D&hl=zh-Hant-TW&gl=tw&fo_m=MfohQo559jFvMUOzJVpjPL1YMfZ3bInYwBDuMfaXTPp5KXh-&utm_source=tactile&gei=bdE7afqNKKDDvr0P4vnR8Aw&ei=bdE7afqNKKDDvr0P4vnR8Aw&fo_s=OA&opi=79508299&ebb=1&cs=0&foub=mcpp,"
線上點餐",,·,$200-400,https://www.gstatic.com/images/icons/material/system_gm/2x/account_circle_filled_googblue_24dp.png,,,,,供應甜鹹點心的活潑咖啡店,·,,,
https://www.google.com/maps/place/%E6%B0%B8%E5%B8%8C%E5%92%96%E5%95%A1%E6%8E%A2%E7%B4%A2%E5%BA%97%EF%BC%88VIS+A+VIS+COFFEE+FLAG+SHIP+STORE%EF%BC%89%E5%92%96%E5%95%A1%E8%B1%86%E6%8E%A8%E8%96%A6%EF%BD%9C%E5%92%96%E5%95%A1%E8%B1%86%E5%A4%96%E9%80%81%EF%BD%9C%E7%B2%BE%E5%93%81%E6%89%8B%E6%B2%96%EF%BD%9C%E5%92%96%E5%95%A1%E9%AB%94%E9%A9%97%EF%BD%9C%E7%A2%A7%E6%B9%96%E5%85%AC%E5%9C%92/data=!4m7!3m6!1s0x3442ad83f54e4823:0x580e6cc464b7004f!8m2!3d25.0829999!4d121.5809283!16s%2Fg%2F11nrxqfjfp!19sChIJI0hO9YOtQjQRTwC3ZMRsDlg?authuser=0&hl=zh-TW&rclk=1,永希咖啡探索店（VIS A VIS COFFEE FLAG SHIP STORE）咖啡豆推薦｜咖啡豆外送｜精品手沖｜咖啡體驗｜碧湖公園,4.3,(233),咖啡廳,內湖路二段103巷74號1樓,營業中,· 打烊時間：18:30,·,02 2627 0996,,購物者瀏覽過：,肉桂捲,,,,·,$200-400,https://www.gstatic.com/images/icons/material/system_gm/2x/account_circle_filled_googblue_24dp.png,,,,,,,,,
https://www.google.com/maps/place/ESUWA+%E8%82%89%E6%A1%82%E5%8D%B7%26%E5%8F%AF%E9%A0%8C%E5%B0%88%E5%A3%B2%E8%99%95/data=!4m7!3m6!1s0x34681fc35727e2bf:0xea1cb76b356be9ed!8m2!3d24.9520401!4d121.3473929!16s%2Fg%2F11ny1hf752!19sChIJv-InV8MfaDQR7elrNWu3HOo?authuser=0&hl=zh-TW&rclk=1,ESUWA 肉桂卷&可頌專売處,4.6,"(1,661)",甜品店,·,營業中,· 打烊時間：18:00,育英街67號3樓,0916 116 936,,"""價位比較高，所以買了一個可頌+一個",肉桂捲,https://www.google.com/viewer/chooseprovider?mid=/g/11ny1hf752&g2lbs=AO8LyOJT9FuOovqDASFviz_KXdae3YlILOfKI4KCxhu5npBgXype5l8uEVuzxopug7KqHr2taL_lYN2OaDktrUlaxXVTrzvG42zgRG6cK3Ai6Z_ReziyTh0%3D&hl=zh-Hant-TW&gl=tw&fo_m=MfohQo559jFvMUOzJVpjPL1YMfZ3bInYwBDuMfaXTPp5KXh-&utm_source=tactile&gei=bdE7afqNKKDDvr0P4vnR8Aw&ei=bdE7afqNKKDDvr0P4vnR8Aw&fo_s=OA&opi=79508299&ebb=1&cs=0&foub=mcpp,"
線上點餐",,,,https://ssl.gstatic.com/local/servicebusiness/default_user.png,"，和家人一起吃吃看。""",,,,·,,,,
https://www.google.com/maps/place/%E8%83%96%E6%AD%BB%E6%88%91%E5%A4%AA%E5%A4%AA+Feedthewife+Bakery+%26+Desserts+%7C+%E8%82%89%E6%A1%82%E6%8D%B2+%7C+%E9%85%B8%E7%A8%AE+%7C+%E7%BE%8E%E5%BC%8F%E7%94%9C%E9%BB%9E/data=!4m7!3m6!1s0x3442a96ad43339cb:0x58fa8b069b343efa!8m2!3d25.0334283!4d121.5078795!16s%2Fg%2F11vd32r7tg!19sChIJyzkz1GqpQjQR-j40mwaL-lg?authuser=0&hl=zh-TW&rclk=1,胖死我太太 Feedthewife Bakery & Desserts | 肉桂捲 | 酸種 | 美式甜點,4.6,(274),麵包西餅店,·,營業中,· 打烊時間：18:00,中華路二段75巷44號,,https://lh3.googleusercontent.com/gps-cs-s/AG0ilSzTcyYxlN4OFhPL1Tr7J9H73xAHJqrYAh5kWq3839qxMCFDfNEEYw5TEotIxnwMC56KngAQnZn1DH1aWo5LppUoPdB7-lNEoXOzal6mDRWJXk6td2ttgEi_DTUs41bxGrH2p_bb=w80-h106-k-no,"""",肉桂捲,,,,·,$200-400,https://ssl.gstatic.com/local/servicebusiness/default_user.png,"：想哭的好吃，2-3個男同事不吃肉桂不吃甜都特別說這家好強。""",,,,,,,,
https://www.google.com/maps/place/%E9%9B%B2%E5%8D%B7%E9%9B%B2%E8%88%92+La+Nubes+%E7%B2%BE%E5%93%81%E5%92%96%E5%95%A1%EF%BC%8E%E8%BA%AB%E5%BF%83%E9%9D%88%E7%A9%BA%E9%96%93/data=!4m7!3m6!1s0x3442abc4d3df64c5:0x57234832738170f6!8m2!3d25.0523771!4d121.5557471!16s%2Fg%2F11rr2prkny!19sChIJxWTf08SrQjQR9nCBczJII1c?authuser=0&hl=zh-TW&rclk=1,雲卷雲舒 La Nubes 精品咖啡．身心靈空間,4.9,(114),咖啡廳,南京東路四段133巷5弄16號1樓,營業中,· 打烊時間：19:00,·,0983 578 917,,"""☕拿鐵咖啡與經典磅蛋糕，完美的組合讓傍晚時光更美好。""",,https://www.google.com/viewer/chooseprovider?mid=/g/11rr2prkny&g2lbs=AO8LyOL7VDhX2AcFtNJmh6VhcUz4cmgtpbuQRIC_zxUtQIu03CGCU6W4_1egh5CVHPvg9Vpuu-M3I75ma-3zLuwBFGHWk4g5ujayBmQbHsZPe0LKSNsCHbM%3D&hl=zh-Hant-TW&gl=tw&fo_m=MfohQo559jFvMUOzJVpjPL1YMfZ3bInYwBDuMfaXTPp5KXh-&utm_source=tactile&gei=bdE7afqNKKDDvr0P4vnR8Aw&ei=bdE7afqNKKDDvr0P4vnR8Aw&fo_s=OA&opi=79508299&orderType=2&ebb=1&cs=0&foub=mcpp,"
線上點餐",,·,$200-400,https://ssl.gstatic.com/local/servicebusiness/default_user.png,,,,,,,,,
https://www.google.com/maps/place/%E6%AD%90%E5%AC%A4%E5%BE%B7%E5%BC%8F%E7%83%98%E7%84%99+%E5%85%A7%E6%B9%96%E5%BA%97/data=!4m7!3m6!1s0x3442ac6f1f16ed11:0xd5bb37013e817665!8m2!3d25.0823155!4d121.5685971!16s%2Fg%2F11b6rz72mp!19sChIJEe0WH2-sQjQRZXaBPgE3u9U?authuser=0&hl=zh-TW&rclk=1,歐嬤德式烘焙 內湖店,4.1,(296),麵包西餅店,內湖路一段335號,營業中,· 打烊時間：20:30,·,02 8752 3213,https://lh3.googleusercontent.com/gps-cs-s/AG0ilSx7PZMN5vhWjv6Fm3-S-V6bzMnUpme_E3_y90nksyeXNJPyW4eFqAsZdHPdIjX_xvV3qGTFAKr6uKXDgoUcJ4oW2De6FLqcS6G-VkO4c3H2Nv375LxGodRoJBStdjdjCMwi-QNs4w=w92-h92-k-no,購物者瀏覽過：,肉桂捲,,,,·,$200-400,https://www.gstatic.com/images/icons/material/system_gm/2x/account_circle_filled_googblue_24dp.png,,,,,,,,,
https://www.google.com/maps/place/AT+STUDIO+%E7%94%9C%E9%BB%9E%E5%9C%A8%E5%B7%A5%E4%BD%9C%E5%AE%A4%EF%BC%88%E5%8E%9FMy+Coffee+Cafe%E2%80%99%EF%BC%89/data=!4m7!3m6!1s0x3442abdc235fcb0b:0xa3962453cc635757!8m2!3d25.0492331!4d121.5429233!16s%2Fg%2F1tfkc8qj!19sChIJC8tfI9yrQjQRV1djzFMklqM?authuser=0&hl=zh-TW&rclk=1,AT STUDIO 甜點在工作室（原My Coffee Cafe’）,4.6,(64),麵包西餅店,遼寧街63巷19號2樓,營業中,· 打烊時間：22:00,·,02 2752 1810,https://lh3.googleusercontent.com/gps-cs-s/AG0ilSxuWTSggoOP5fEC-6_P5DpZvoFCBe1jZsfm-LFxiZw8F5dpn3wa2BbaNCFmxmY6X-1BwurIjahprGHpBczFjMQKccIRJC_1kFenvabX_I06usSsMXKNjbZK8yy5_u60Eh1oCsX30A=w80-h106-k-no,"""",肉桂捲,https://www.google.com/viewer/chooseprovider?mid=/g/1tfkc8qj&g2lbs=AO8LyOKlEygIIcih1Yyx63RdHMcxMIkKkMPBgV-PTjYxV86urgeSu6cfGrO8tswSY7mOjGfPN5toMRtwFeTkoVJfm9J2ZHQOaMuiUo7BdK4GtWNTNe-hS4E%3D&hl=zh-Hant-TW&gl=tw&fo_m=MfohQo559jFvMUOzJVpjPL1YMfZ3bInYwBDuMfaXTPp5KXh-&utm_source=tactile&gei=bdE7afqNKKDDvr0P4vnR8Aw&ei=bdE7afqNKKDDvr0P4vnR8Aw&fo_s=OA&opi=79508299&ebb=1&cs=0&foub=mcpp,"
線上點餐",,,,https://ssl.gstatic.com/local/servicebusiness/default_user.png,真的無敵好吃😋畢竟在台北要找到我真的覺得好吃,的肉桂,"捲真的很難！""",,,,,,
https://www.google.com/maps/place/NODE+COFFEE+ROASTERS/data=!4m7!3m6!1s0x3442ab94c129ccdb:0x370966e22b6148e9!8m2!3d25.0521666!4d121.5608342!16s%2Fg%2F11h02hw08!19sChIJ28wpwZSrQjQR6UhhK-JmCTc?authuser=0&hl=zh-TW&rclk=1,NODE COFFEE ROASTERS,4.6,(397),咖啡廳,·,即將打烊,：17:00 · 開始營業時間：週六08:00,南京東路五段123巷2弄1號,02 2767 2277,https://lh3.googleusercontent.com/gps-cs-s/AG0ilSxw0G7y9Un_yPT6_vtZwLfvdMC-9TI75tXV2JFU8LcPqI-NsA6mCu9GyWYE_8Bv8xV84opVFhOmg3rd7u9xed4OMCQceDhcdXWWUp0jcSoVAZIt64rwcgrJSmuCEda_0bdBrO5N=w163-h92-k-no,"""咖啡好喝、",肉桂捲,https://www.google.com/viewer/chooseprovider?mid=/g/11h02hw08&g2lbs=AO8LyOIXvKl56pSBxdb5PsmLaH3XM-TMFkGGX-VwNI2zOCSeeNR1A9zwNJbN3ThAdQ83ZNkQuL8b6D-6NQGXa1xLt0HalC55nVSIbztxxo63Z-1cUWEy6Nw%3D&hl=zh-Hant-TW&gl=tw&fo_m=MfohQo559jFvMUOzJVpjPL1YMfZ3bInYwBDuMfaXTPp5KXh-&utm_source=tactile&gei=bdE7afqNKKDDvr0P4vnR8Aw&ei=bdE7afqNKKDDvr0P4vnR8Aw&fo_s=OA&opi=79508299&ebb=1&cs=0&foub=mcpp,"
線上點餐",,·,$1-200,https://ssl.gstatic.com/local/servicebusiness/default_user.png,"好吃、布丁好吃，用餐環境舒服，100分的愛店了。""",,,,·,,,,
https://www.google.com/maps/place/%E9%BA%B5%E5%8C%85%E6%97%A5+Bread+Day/data=!4m7!3m6!1s0x3442abab71471c89:0xae7fcf39cc946d0a!8m2!3d25.0285104!4d121.5417444!16s%2Fg%2F11l0x08hyp!19sChIJiRxHcaurQjQRCm2UzDnPf64?authuser=0&hl=zh-TW&rclk=1,麵包日 Bread Day,4.7,(196),咖啡廳,·,營業中,· 打烊時間：21:00,復興南路二段148巷36號1樓,02 2706 6608,https://lh3.googleusercontent.com/gps-cs-s/AG0ilSxrjaAUXHscliwOD8EvUewPNvbv7sRTpcFcBUf-fJChmjiOueMXXqrM4lzqNw0upFEyMoyOro5MJAZ8v-5PBe1G_f3MAjJD80zvbgJ5zrx9ubPjPL3ddR6gUeH_r7mX4f-n8vo=w122-h92-k-no,購物者瀏覽過：,肉桂捲,,,,·,$1-200,https://www.gstatic.com/images/icons/material/system_gm/2x/account_circle_filled_googblue_24dp.png,,,,,·,,,,
https://www.google.com/maps/place/Moon+Baking+studio+%E6%9D%BE%E5%B1%B1%E5%BA%97/data=!4m7!3m6!1s0x3442a9f806a66e93:0xfa5e98846567af25!8m2!3d25.0590469!4d121.5471484!16s%2Fg%2F11f5bpqvsk!19sChIJk26mBvipQjQRJa9nZYSYXvo?authuser=0&hl=zh-TW&rclk=1,Moon Baking studio 松山店,4.2,"(1,092)",麵包西餅店,·,營業中,· 打烊時間：18:00,復興北路313巷47號,02 2718 5055,,"""",肉桂捲,"https://www.google.com/maps/reserve/v/dine/c/HXGLyPFLsbU?source=pa&opi=79508299&hl=zh-TW&gei=bdE7afqNKKDDvr0P4vnR8Aw&sourceurl=https://www.google.com/search?tbm%3Dmap%26authuser%3D0%26hl%3Dzh-TW%26gl%3Dtw%26pb%3D!4m9!1m3!1d249165.93839415725!2d121.46201214185912!3d25.064912685411315!2m0!3m2!1i1280!2i585!4f13.1!7i20!8i20!10b1!12m26!1m5!18b1!30b1!31m1!1b1!34e1!2m4!5m1!6e2!20e3!39b1!10b1!12b1!13b1!16b1!17m1!3e1!20m4!5e2!6b1!8b1!14b1!46m1!1b0!96b1!99b1!19m4!2m3!1i360!2i120!4i8!20m65!2m2!1i203!2i100!3m2!2i4!5b1!6m6!1m2!1i86!2i86!1m2!1i408!2i240!7m33!1m3!1e1!2b0!3e3!1m3!1e2!2b1!3e2!1m3!1e2!2b0!3e3!1m3!1e8!2b0!3e3!1m3!1e10!2b0!3e3!1m3!1e10!2b1!3e2!1m3!1e10!2b0!3e4!1m3!1e9!2b1!3e2!2b1!9b0!15m16!1m7!1m2!1m1!1e2!2m2!1i195!2i195!3i20!1m7!1m2!1m1!1e2!2m2!1i195!2i195!3i20!22m5!1sV9E7aeqOELa2vr0PzNWJgAc:112!2s1i:0,t:246204,p:V9E7aeqOELa2vr0PzNWJgAc:112!7e81!12e22!17sV9E7aeqOELa2vr0PzNWJgAc:113!24m109!1m30!13m9!2b1!3b1!4b1!6i1!8b1!9b1!14b1!20b1!25b1!18m19!3b1!4b1!5b1!6b1!9b1!13b1!14b1!17b1!20b1!21b1!22b1!27m1!1b0!28b0!32b1!33m1!1b1!34b1!36e2!10m1!8e3!11m1!3e1!14m1!3b0!17b1!20m2!1e3!1e6!24b1!25b1!26b1!27b1!29b1!30m1!2b1!36b1!37b1!39m3!2m2!2i1!3i1!43b1!52b1!54m1!1b1!55b1!56m1!1b1!61m2!1m1!1e1!65m5!3m4!1m3!1m2!1i224!2i298!72m22!1m8!2b1!5b1!7b1!12m4!1b1!2b1!4m1!1e1!4b1!8m10!1m6!4m1!1e1!4m1!1e3!4m1!1e4!3sother_user_google_review_posts__and__hotel_and_vr_partner_review_posts!6m1!1e1!9b1!89b1!98m3!1b1!2b1!3b1!103b1!113b1!114m3!1b1!2m1!1b1!117b1!122m1!1b1!126b1!127b1!26m4!2m3!1i80!2i92!4i8!30m28!1m6!1m2!1i0!2i0!2m2!1i530!2i585!1m6!1m2!1i1230!2i0!2m2!1i1280!2i585!1m6!1m2!1i0!2i0!2m2!1i1280!2i20!1m6!1m2!1i0!2i565!2m2!1i1280!2i585!34m19!2b1!3b1!4b1!6b1!8m6!1b1!3b1!4b1!5b1!6b1!7b1!9b1!12b1!14b1!20b1!23b1!25b1!26b1!31b1!37m1!1e81!42b1!46m1!1e10!47m0!49m10!3b1!6m2!1b1!2b1!7m2!1e3!2b1!8b1!9b1!10e2!50m26!1m21!2m7!1u3!4z54ef5qWt5Lit!5e1!9s0ahUKEwiK66r8z7eRAxVqavUHHVoKBGwQ_KkBCAcoAg!10m2!3m1!1e1!2m7!1u2!4z6KmV5YiG5pyA6auY!5e1!9s0ahUKEwiK66r8z7eRAxVqavUHHVoKBGwQ_KkBCAgoAw!10m2!2m1!1e1!3m1!1u2!3m1!1u3!4BIAE!2e2!3m2!1b1!3b1!59BQ2dBd0Fn!67m5!7b1!10b1!14b1!15m1!1b0!69i761%26q%3D%25E8%2582%2589%25E6%25A1%2582%25E6%258D%25B2%26ech%3D2%26psi%3DV9E7aeqOELa2vr0PzNWJgAc.1765527896960.1","
訂位",,·,$400-600,https://ssl.gstatic.com/local/servicebusiness/default_user.png,，,肉桂,"味不錯，酥皮外層比較硬，內部油潤感高，回烤過還是沒有到很酥。""",,充滿設計感的藝術風烘焙坊,·,,,
https://www.google.com/maps/place/Leaven+workshop+%E7%92%9E%E5%AE%B6%E5%B7%A5%E4%BD%9C%E5%AE%A4/data=!4m7!3m6!1s0x3442a957e0d303f7:0x2529a7f079eef60a!8m2!3d25.0520513!4d121.5181897!16s%2Fg%2F11ggrkplnx!19sChIJ9wPT4FepQjQRCvbuefCnKSU?authuser=0&hl=zh-TW&rclk=1,Leaven workshop 璞家工作室,4.6,(283),麵包西餅店,"1樓, No. 26號承德路一段77巷",營業中,· 打烊時間：18:00,,,https://lh3.googleusercontent.com/gps-cs-s/AG0ilSy1vJxK4KX0GEsFFhLKF6DTosVyn_RdWjqxvnPLxdpCSy1rGb2JxGqYV4yX4ns3Qx_aT0gUO_IWjeo5hkg6Cg8fRxkhByDrf8zBiCQkS2jZkvQGtzI1w1A97S17yLiz4Dnbomw_=w92-h92-k-no,購物者瀏覽過：,肉桂捲,,,,·,$200-400,https://www.gstatic.com/images/icons/material/system_gm/2x/account_circle_filled_googblue_24dp.png,,,,,,,,,
https://www.google.com/maps/place/Dough%E7%B1%BD%E9%BA%B5%E5%8C%85%EF%BC%88%E8%B1%86%E7%B1%BD%E9%BA%B5%E5%8C%85%EF%BC%89/data=!4m7!3m6!1s0x3442af0e9cecd681:0x84a7a9dc119789c4!8m2!3d25.1031975!4d121.5214581!16s%2Fg%2F11tjzjsq_f!19sChIJgdbsnA6vQjQRxImXEdypp4Q?authuser=0&hl=zh-TW&rclk=1,Dough籽麵包（豆籽麵包）,4.8,(128),麵包西餅店,·,營業中,· 打烊時間：20:00,福華路147巷16號1樓,0900 628 840,https://lh3.googleusercontent.com/gps-cs-s/AG0ilSxRPSyzr5qdGzS65ReebAmayXcwttgWKXBmbowJ7k8XHhSVFsSeQhjDNPN98edKulGFLD0T6rWcdqVwq36H7EVga3NTsdQuaD9m7zFTFJmPDvkUcQba0cC2LPsUzCRuTb7sxKB22w=w92-h92-k-no,"""",肉桂捲,,,,·,$1-200,https://ssl.gstatic.com/local/servicebusiness/default_user.png,"、多拿滋、核桃麵包…

不小心也把明天早餐吃掉了><""",,,,·,,,,
https://www.google.com/maps/place/%E8%B2%9D%E5%85%8B%E5%AE%85+%E5%8D%97%E4%BA%AC%E5%BA%97+-+Beckhome+Roasting+House/data=!4m7!3m6!1s0x3442a9a5368c789f:0x1b8f2bf27369b387!8m2!3d25.0529486!4d121.5468614!16s%2Fg%2F11gpgd_9v2!19sChIJn3iMNqWpQjQRh7Npc_Irjxs?authuser=0&hl=zh-TW&rclk=1,貝克宅 南京店 - Beckhome Roasting House,4.4,"(1,021)",咖啡廳,·,營業中,· 打烊時間：18:00,南京東路三段303巷8弄1號,02 2517 6722,https://lh3.googleusercontent.com/gps-cs-s/AG0ilSyQ6w68hQS-kVi2JFkWXQfQfbvEPk-GeDGI-DpzLUjCcZeBEhoF1TKh9wdS0t3DKDis1LIwU5UfIqA2tGB8orBvzJZB-j_m4rJvZSK78acwUvs0sZRVu7q7DGkAQTaNfTjitHwc=w80-h106-k-no,"""",肉桂捲,,,,·,$200-400,https://ssl.gstatic.com/local/servicebusiness/default_user.png,帶點酥脆的口感 🤤 蠻特,別的,"肉桂的味道如果再濃郁一點會更好～""",,·,,,,
https://www.google.com/maps/place/%E7%91%B0%E5%A4%8F%E5%92%96%E5%95%A1+GESHA+COFFEE+ROASTERS%EF%BD%9C%E8%97%9D%E4%BC%8E%E5%92%96%E5%95%A1%E5%B0%88%E8%B3%A3%E5%BA%97%EF%BD%9C%E6%89%8B%E6%B2%96%E5%92%96%E5%95%A1%EF%BD%9C%E5%92%96%E5%95%A1%E8%AA%B2%E7%A8%8B%EF%BD%9C/data=!4m7!3m6!1s0x3442abe19d00218b:0xa5bd5c905b0ad21e!8m2!3d25.0397677!4d121.5741457!16s%2Fg%2F11ll9qnzzb!19sChIJiyEAneGrQjQRHtIKW5BcvaU?authuser=0&hl=zh-TW&rclk=1,瑰夏咖啡 GESHA COFFEE ROASTERS｜藝伎咖啡專賣店｜手沖咖啡｜咖啡課程｜,4.9,(618),咖啡廳,·,營業中,· 打烊時間：19:00,忠孝東路五段372巷27弄1號1樓,,https://lh3.googleusercontent.com/p/AF1QipP0WTXcMPyVFonJq0gA9bCtlg3hH0zNNQBVt4YF=w115-h92-k-no,"""更細心的在旁附上抹茶粉、桂花末，可以自由加一點，享受更多樣的風味。""",,https://www.google.com/viewer/chooseprovider?mid=/g/11ll9qnzzb&g2lbs=AO8LyOIYr-r3EYZVe9F_UFbl6QPZ0G72-UXHytqx67fwVeH0MyufO60YnnDosa7xe1Vd7jLjp2m9akLrk2PatObCEe6hZQ3R8Voaoj-7cPA4s4lVh5b3dZs%3D&hl=zh-Hant-TW&gl=tw&fo_m=MfohQo559jFvMUOzJVpjPL1YMfZ3bInYwBDuMfaXTPp5KXh-&utm_source=tactile&gei=bdE7afqNKKDDvr0P4vnR8Aw&ei=bdE7afqNKKDDvr0P4vnR8Aw&fo_s=OA&opi=79508299&orderType=2&ebb=1&cs=0&foub=mcpp,"
線上點餐",,,,https://ssl.gstatic.com/local/servicebusiness/default_user.png,,,,,,,,,
https://www.google.com/maps/place/Supreme+Beans+Coffee/data=!4m7!3m6!1s0x3442a9c01e243cfd:0x531a7283015c4208!8m2!3d25.0219077!4d121.5244864!16s%2Fg%2F11m_rgzvfn!19sChIJ_TwkHsCpQjQRCEJcAYNyGlM?authuser=0&hl=zh-TW&rclk=1,Supreme Beans Coffee,4.7,(297),咖啡店,汀州路二段293號1樓,營業中,· 打烊時間：18:00,·,02 2367 8745,,購物者瀏覽過：,肉桂捲,https://www.google.com/viewer/chooseprovider?mid=/g/11m_rgzvfn&g2lbs=AO8LyOKY-vjQ0WOVZ5zZpCXP1ZlL4kPgRuM6UQTF7yfbWh9oELep6Ilzhky9EGskhAqst0k52QkSZEIGqEyoM0f78FS4t4jMnUcjPh7eguvYD7E-aorqtDY%3D&hl=zh-Hant-TW&gl=tw&fo_m=MfohQo559jFvMUOzJVpjPL1YMfZ3bInYwBDuMfaXTPp5KXh-&utm_source=tactile&gei=ctE7afrdAsKMvr0Pp9LuoAQ&ei=ctE7afrdAsKMvr0Pp9LuoAQ&fo_s=OA&opi=79508299&ebb=1&cs=0&foub=mcpp,"
線上點餐",,·,$200-400,https://www.gstatic.com/images/icons/material/system_gm/2x/account_circle_filled_googblue_24dp.png,,,,,,,,,
https://www.google.com/maps/place/%E6%B3%95%E5%9C%8B%E9%BA%B5%E5%8C%85%E5%BA%97_la+Boulange+de+Tibo/data=!4m7!3m6!1s0x3442adc7fbe7410b:0xe0e80db4b5ef97a!8m2!3d25.0769709!4d121.5851827!16s%2Fg%2F11shssq4y1!19sChIJC0Hn-8etQjQRevleS9uADg4?authuser=0&hl=zh-TW&rclk=1,法國麵包店_la Boulange de Tibo,4.8,(180),麵包西餅店,·,已打烊,⋅ 開始營業時間：週日13:00,文德路210巷30弄39號,0908 013 802,,購物者瀏覽過：,肉桂捲,,,,·,$1-200,https://www.gstatic.com/images/icons/material/system_gm/2x/account_circle_filled_googblue_24dp.png,,,,,·,,,,
https://www.google.com/maps/place/Fly%27s+Kitchen/data=!4m7!3m6!1s0x3442abdb04739dbb:0xb48db6081d8db3ef!8m2!3d25.0443279!4d121.546029!16s%2Fg%2F11cktgxp89!19sChIJu51zBNurQjQR77ONHQi2jbQ?authuser=0&hl=zh-TW&rclk=1,Fly's Kitchen,4.0,"(1,104)",早午餐,·,即將打烊,：17:00 · 開始營業時間：週六12:00,大安路一段16巷4號,02 2775 3277,,"""",肉桂捲,,,,·,$200-400,https://ssl.gstatic.com/local/servicebusiness/default_user.png,層層分明綿密，不愧是傳說中的,肉桂捲,"""",,·,,,,
https://www.google.com/maps/place/%E9%A3%9F%E5%8D%88%E6%8B%BE%E5%85%89/data=!4m7!3m6!1s0x345d53d69d3fc397:0x4445c1980bd763b1!8m2!3d25.0701599!4d121.6312466!16s%2Fg%2F11t6kxyt_z!19sChIJl8M_ndZTXTQRsWPXC5jBRUQ?authuser=0&hl=zh-TW&rclk=1,食午拾光,4.9,(144),煎餅料理餐廳,湖前街77巷5弄8號之2,營業中,· 打烊時間：19:00,·,0928 684 119,https://lh3.googleusercontent.com/gps-cs-s/AG0ilSwrudj49i3eq2K6JcWlDwGY5st6DuiNjJglP16i3M5jK5wgFw09nwt48Q79P7qPWi4CwFv2KbF9fo4YcBPwAt3wEBRHo7U4F-go1KPrxM0f-RtwKiTXgL8DDTAZNV4bY6l2ZJta=w92-h92-k-no,"""",肉桂捲,https://www.google.com/viewer/chooseprovider?mid=/g/11t6kxyt_z&g2lbs=AO8LyOKl1f-dGh3dttHnOy5FrC0ac1v-NAWfX5numQeNuMyiNJvu3qaWHJVAci4j1ck6NsQZSxYJXEiwY0eY-V7Qx8iDedHASbBF4o5RjsQYmF2NLYNMvjE%3D&hl=zh-Hant-TW&gl=tw&fo_m=MfohQo559jFvMUOzJVpjPL1YMfZ3bInYwBDuMfaXTPp5KXh-&utm_source=tactile&gei=ctE7afrdAsKMvr0Pp9LuoAQ&ei=ctE7afrdAsKMvr0Pp9LuoAQ&fo_s=OA&opi=79508299&ebb=1&cs=0&foub=mcpp,"
線上點餐",,·,$1-200,https://ssl.gstatic.com/local/servicebusiness/default_user.png,便宜又好吃，,肉桂,"香氣足，真材實料，推薦蘋果口味""",,,,,,
https://www.google.com/maps/place/SAT.+Daily+coffee+Roasters+%E8%96%A9%E7%89%B9%E7%84%99%E7%85%8E%E5%92%96%E5%95%A1%E5%B7%A5%E4%BD%9C%E5%AE%A4/data=!4m7!3m6!1s0x3442ad0019a2ba21:0xb8e8b7e87ece9357!8m2!3d25.0822334!4d121.5724511!16s%2Fg%2F11m5hwv3sd!19sChIJIbqiGQCtQjQRV5POfui36Lg?authuser=0&hl=zh-TW&rclk=1,SAT. Daily coffee Roasters 薩特焙煎咖啡工作室,4.9,(82),咖啡店,內湖路一段437巷9號1樓,已打烊,⋅ 開始營業時間：週六09:30,·,0958 627 386,https://lh3.googleusercontent.com/p/AF1QipMGj2qPm6ds1DYZREqCxqadDOgZvd4oqlPJ1pFX=w80-h106-k-no,"""新店開幕來感受一下老闆親手製作的甜點",肉桂捲,,,,·,$200-400,https://ssl.gstatic.com/local/servicebusiness/default_user.png,"，搭配黑咖太對味了。""",,,,,,,,
https://www.google.com/maps/place/PAI+coffee/data=!4m7!3m6!1s0x3442a9feca2b3d97:0xb1f26b366af9c3c4!8m2!3d25.0592984!4d121.5347223!16s%2Fg%2F11k6j8h5fz!19sChIJlz0ryv6pQjQRxMP5ajZr8rE?authuser=0&hl=zh-TW&rclk=1,PAI coffee,4.8,(593),咖啡廳,·,營業中,· 打烊時間：18:30,民生東路二段147巷6弄1號,02 2517 9787,,"""有特色的小店，手沖好喝，咖椰吐司、",肉桂捲,https://www.google.com/viewer/chooseprovider?mid=/g/11k6j8h5fz&g2lbs=AO8LyOIDMizpEsjfyOCvFUt4ytBTlJ9qkxzaSCbyJrtHSs60tpsG1v929yW64fYKrWA2Hz3qyuq0VYs05R3pJ7KxkbGAZqL4y3MU63QGWyQ8EWiZJDQTzbc%3D&hl=zh-Hant-TW&gl=tw&fo_m=MfohQo559jFvMUOzJVpjPL1YMfZ3bInYwBDuMfaXTPp5KXh-&utm_source=tactile&gei=ctE7afrdAsKMvr0Pp9LuoAQ&ei=ctE7afrdAsKMvr0Pp9LuoAQ&fo_s=OA&opi=79508299&ebb=1&cs=0&foub=mcpp,"
線上點餐",,·,$1-200,https://ssl.gstatic.com/local/servicebusiness/default_user.png,"也好吃""",,,,·,,,,
https://www.google.com/maps/place/Ch%C3%BCan+Chuan+Coffee%EF%BD%9C%E6%8D%B2%E6%8D%B2%EF%BD%9C%E5%92%96%E5%95%A1%EF%BD%9C%E6%8D%B2%E6%8D%B2%E5%92%96%E5%95%A1%EF%BD%9C%E8%82%89%E6%A1%82%E6%8D%B2%28%E6%AD%A3%E9%96%80%E5%9C%A8%E6%8D%B7%E9%81%8B%E9%82%8A%E5%81%B4+%E8%AB%8B%E5%BE%9E%E4%B8%AD%E6%AD%A3%E8%B7%AF236%E5%B7%B7%E9%80%B2%E5%85%A5%29+%E5%85%AC%E4%BC%91%E6%97%A5%E8%AB%8B%E8%A6%8BIG/data=!4m7!3m6!1s0x3442afa6b8444e11:0xc9461503b3c255eb!8m2!3d25.0966287!4d121.5254005!16s%2Fg%2F11pz16dgwn!19sChIJEU5EuKavQjQR61XCswMVRsk?authuser=0&hl=zh-TW&rclk=1,Chüan Chuan Coffee｜捲捲｜咖啡｜捲捲咖啡｜肉桂捲(正門在捷運邊側 請從中正路236巷進入) 公休日請見IG,4.8,(340),咖啡店,·,即將打烊,：17:00 · 開始營業時間：週六10:00,福壽街45號1樓,0987 723 529,,"""",肉桂捲,https://www.google.com/viewer/chooseprovider?mid=/g/11pz16dgwn&g2lbs=AO8LyOJNpegvhp0skkrIThVKEteFHWtIdbvsTc5wFKa3Nw1cDB4c0lb8gskpNWR9zp7RHwvhomlLMSFxUjKu5cl7fBoJXnfkQTujBjQsWm2PR5meKINIp6w%3D&hl=zh-Hant-TW&gl=tw&fo_m=MfohQo559jFvMUOzJVpjPL1YMfZ3bInYwBDuMfaXTPp5KXh-&utm_source=tactile&gei=ctE7afrdAsKMvr0Pp9LuoAQ&ei=ctE7afrdAsKMvr0Pp9LuoAQ&fo_s=OA&opi=79508299&ebb=1&cs=0&foub=mcpp,"
線上點餐",,·,$200-400,https://ssl.gstatic.com/local/servicebusiness/default_user.png,的焦糖醬應該也有把餅乾打進去，很香🤩,🤩肉,"桂捲本人也很好吃！""",,·,,,,
https://www.google.com/maps/place/SHUU/data=!4m7!3m6!1s0x3442abb59d5f3891:0x20b5f1b8a04f61b6!8m2!3d25.0106309!4d121.5144364!16s%2Fg%2F11ngsq4zx2!19sChIJkThfnbWrQjQRtmFPoLjxtSA?authuser=0&hl=zh-TW&rclk=1,SHUU,4.8,(721),甜品店,永和路二段41號,營業中,· 打烊時間：02:00,·,02 2231 2088,https://lh3.googleusercontent.com/p/AF1QipPJf94bi6dbkaql-JoAnab-U1PmiZkRNI3iSywg=w117-h92-k-no,購物者瀏覽過：,肉桂捲,https://www.google.com/viewer/chooseprovider?mid=/g/11ngsq4zx2&g2lbs=AO8LyOI50nlTJxJLXKLvDp75zf2Kz0tTYnL2nIe3-LjJqhdytOG78D8mxrqiOHO5vgOG_-7w-Qq5O9tXqNPiMBx3ow-YfWfrHFB8WZ7Tk7hxk7U-lLI9I9U%3D&hl=zh-Hant-TW&gl=tw&fo_m=MfohQo559jFvMUOzJVpjPL1YMfZ3bInYwBDuMfaXTPp5KXh-&utm_source=tactile&gei=ctE7afrdAsKMvr0Pp9LuoAQ&ei=ctE7afrdAsKMvr0Pp9LuoAQ&fo_s=OA&opi=79508299&ebb=1&cs=0&foub=mcpp,"
線上點餐",,,,https://www.gstatic.com/images/icons/material/system_gm/2x/account_circle_filled_googblue_24dp.png,,,,,,,"https://www.google.com/maps/reserve/v/dine/c/sN6faeAiVWE?source=pa&opi=79508299&hl=zh-TW&gei=ctE7afrdAsKMvr0Pp9LuoAQ&sourceurl=https://www.google.com/search?tbm%3Dmap%26authuser%3D0%26hl%3Dzh-TW%26gl%3Dtw%26pb%3D!4m9!1m3!1d249165.93839415725!2d121.46201214185912!3d25.064912685411315!2m0!3m2!1i1280!2i585!4f13.1!7i20!8i40!10b1!12m26!1m5!18b1!30b1!31m1!1b1!34e1!2m4!5m1!6e2!20e3!39b1!10b1!12b1!13b1!16b1!17m1!3e1!20m4!5e2!6b1!8b1!14b1!46m1!1b0!96b1!99b1!19m4!2m3!1i360!2i120!4i8!20m65!2m2!1i203!2i100!3m2!2i4!5b1!6m6!1m2!1i86!2i86!1m2!1i408!2i240!7m33!1m3!1e1!2b0!3e3!1m3!1e2!2b1!3e2!1m3!1e2!2b0!3e3!1m3!1e8!2b0!3e3!1m3!1e10!2b0!3e3!1m3!1e10!2b1!3e2!1m3!1e10!2b0!3e4!1m3!1e9!2b1!3e2!2b1!9b0!15m16!1m7!1m2!1m1!1e2!2m2!1i195!2i195!3i20!1m7!1m2!1m1!1e2!2m2!1i195!2i195!3i20!22m5!1sV9E7aeqOELa2vr0PzNWJgAc:179!2s1i:0,t:246204,p:V9E7aeqOELa2vr0PzNWJgAc:179!7e81!12e22!17sV9E7aeqOELa2vr0PzNWJgAc:180!24m109!1m30!13m9!2b1!3b1!4b1!6i1!8b1!9b1!14b1!20b1!25b1!18m19!3b1!4b1!5b1!6b1!9b1!13b1!14b1!17b1!20b1!21b1!22b1!27m1!1b0!28b0!32b1!33m1!1b1!34b1!36e2!10m1!8e3!11m1!3e1!14m1!3b0!17b1!20m2!1e3!1e6!24b1!25b1!26b1!27b1!29b1!30m1!2b1!36b1!37b1!39m3!2m2!2i1!3i1!43b1!52b1!54m1!1b1!55b1!56m1!1b1!61m2!1m1!1e1!65m5!3m4!1m3!1m2!1i224!2i298!72m22!1m8!2b1!5b1!7b1!12m4!1b1!2b1!4m1!1e1!4b1!8m10!1m6!4m1!1e1!4m1!1e3!4m1!1e4!3sother_user_google_review_posts__and__hotel_and_vr_partner_review_posts!6m1!1e1!9b1!89b1!98m3!1b1!2b1!3b1!103b1!113b1!114m3!1b1!2m1!1b1!117b1!122m1!1b1!126b1!127b1!26m4!2m3!1i80!2i92!4i8!30m28!1m6!1m2!1i0!2i0!2m2!1i530!2i585!1m6!1m2!1i1230!2i0!2m2!1i1280!2i585!1m6!1m2!1i0!2i0!2m2!1i1280!2i20!1m6!1m2!1i0!2i565!2m2!1i1280!2i585!34m19!2b1!3b1!4b1!6b1!8m6!1b1!3b1!4b1!5b1!6b1!7b1!9b1!12b1!14b1!20b1!23b1!25b1!26b1!31b1!37m1!1e81!42b1!46m1!1e10!47m0!49m10!3b1!6m2!1b1!2b1!7m2!1e3!2b1!8b1!9b1!10e2!50m26!1m21!2m7!1u3!4z54ef5qWt5Lit!5e1!9s0ahUKEwi6-P2C0LeRAxWgoa8BHeJ8FM4Q_KkBCAcoAg!10m2!3m1!1e1!2m7!1u2!4z6KmV5YiG5pyA6auY!5e1!9s0ahUKEwi6-P2C0LeRAxWgoa8BHeJ8FM4Q_KkBCAgoAw!10m2!2m1!1e1!3m1!1u3!3m1!1u2!4BIAE!2e2!3m2!1b1!3b1!59BQ2dBd0Fn!67m5!7b1!10b1!14b1!15m1!1b0!69i761%26q%3D%25E8%2582%2589%25E6%25A1%2582%25E6%258D%25B2%26ech%3D3%26psi%3DV9E7aeqOELa2vr0PzNWJgAc.1765527896960.1","
訂位",
https://www.google.com/maps/place/Moment+caf%C3%A9+%26+bakery/data=!4m7!3m6!1s0x3442ac0ddfe4598d:0xb3aea43a40fe250a!8m2!3d25.0804887!4d121.5538967!16s%2Fg%2F11fxcfhqfs!19sChIJjVnk3w2sQjQRCiX-QDqkrrM?authuser=0&hl=zh-TW&rclk=1,Moment café & bakery,4.2,(208),咖啡店,·,營業中,· 打烊時間：20:00,樂群二路55號1F,02 7722 3397,https://lh3.googleusercontent.com/gps-cs-s/AG0ilSxAZ_RGza0DJPG3CHyu5qq_BTimd--rC1QxKOzdEUGKAfKvUN9gXM4-8s-fYCZhwDSgA1gE9XU0RWABAwWS7C9IafIjBslqxrILIndr_gZ3OhHeZCfHd9s0bi12U2mHf-lfAQA=w122-h92-k-no,"""餐點還行
甜點厲害
空間能量非常好
就是舒服豐盛
餐點貴""",,https://www.google.com/viewer/chooseprovider?mid=/g/11fxcfhqfs&g2lbs=AO8LyOKBQfvHxFgsfYELDR4kx2DMJCfZXO9tcbJCFm0vtMRvfgdAKCb0COukaZy0CgrSYeITzIcr-GgWHMcKYhMG1Ap4r8tQ6hZyiEu03CWvWlWOEdcW_HM%3D&hl=zh-Hant-TW&gl=tw&fo_m=MfohQo559jFvMUOzJVpjPL1YMfZ3bInYwBDuMfaXTPp5KXh-&utm_source=tactile&gei=ctE7afrdAsKMvr0Pp9LuoAQ&ei=ctE7afrdAsKMvr0Pp9LuoAQ&fo_s=OA&opi=79508299&ebb=1&cs=0&foub=mcpp,"
線上點餐",,,,https://ssl.gstatic.com/local/servicebusiness/default_user.png,,,,,·,,,,
https://www.google.com/maps/place/%E5%B2%A9%E5%B3%B6%E6%88%90%E5%B0%88%E6%A5%AD%E7%83%98%E7%84%99/data=!4m7!3m6!1s0x3442a96eb3ab2785:0x779710e789464e47!8m2!3d25.0833072!4d121.5571648!16s%2Fg%2F12hk_z4fg!19sChIJhSers26pQjQRR05GiecQl3c?authuser=0&hl=zh-TW&rclk=1,岩島成專業烘焙,4.5,(527),麵包西餅店,·,營業中,· 打烊時間：22:00,敬業三路20號B1樓,02 2175 3019,https://lh3.googleusercontent.com/gps-cs-s/AG0ilSwojO62O5SpEkAV4k9_yAFX-NXvgdZLAS23cnPdJfB6d9pOvi4ZX4AcfjUrQxJNopjl_vdkKwdxeShflbP9wPgTIswljBH-eDc8bsbqwqTjG_LpNRp38baTLN_vyOdgRqW0v7p8_Q=w122-h92-k-no,購物者瀏覽過：,肉桂捲,,,,·,$1-200,https://www.gstatic.com/images/icons/material/system_gm/2x/account_circle_filled_googblue_24dp.png,,,,,·,,,,
https://www.google.com/maps/place/%E9%87%91%E8%8A%B1%E5%AE%85%E7%94%9C%E9%BB%9E/data=!4m7!3m6!1s0x3442aff89c2066e1:0xda050f13e561b769!8m2!3d25.087188!4d121.4855412!16s%2Fg%2F11ngjpsc50!19sChIJ4WYgnPivQjQRabdh5RMPBdo?authuser=0&hl=zh-TW&rclk=1,金花宅甜點,4.9,(33),咖啡廳,集英路83號,,,,0922 453 038,,購物者瀏覽過：,肉桂捲,https://www.google.com/viewer/chooseprovider?mid=/g/11ngjpsc50&g2lbs=AO8LyOITAICGxTtfaF7Ssdved5t0GZNxyIKC_m34ae7V0_h2vplpM6Orr6tnaHGoH74NHw7SDHLuLLIoi7u8AQFdHK9Es0DCUVutciXuYyL9xKBLoSS3X1w%3D&hl=zh-Hant-TW&gl=tw&fo_m=MfohQo559jFvMUOzJVpjPL1YMfZ3bInYwBDuMfaXTPp5KXh-&utm_source=tactile&gei=ctE7afrdAsKMvr0Pp9LuoAQ&ei=ctE7afrdAsKMvr0Pp9LuoAQ&fo_s=OA&opi=79508299&ebb=1&cs=0&foub=mcpp,"
線上點餐",,,,https://www.gstatic.com/images/icons/material/system_gm/2x/account_circle_filled_googblue_24dp.png,,,,,,,,,
https://www.google.com/maps/place/MIOPANE+%E4%BF%A1%E7%BE%A9A8%E5%BA%97/data=!4m7!3m6!1s0x3442aba5684a98cf:0x24b060427794c9bf!8m2!3d25.0382659!4d121.5667858!16s%2Fg%2F11f8jhf82r!19sChIJz5hKaKWrQjQRv8mUd0JgsCQ?authuser=0&hl=zh-TW&rclk=1,MIOPANE 信義A8店,4.6,(472),麵包圈店,·,營業中,· 打烊時間：22:00,松高路12號B2,02 2723 2529,,購物者瀏覽過：,肉桂捲,https://www.google.com/viewer/chooseprovider?mid=/g/11f8jhf82r&g2lbs=AO8LyOJYrTZ9ZuAVH03E6BYltB1ML9G80NR5tFy26quMSecTv6CfIgwOPrRQIiOarrP-cCurdZi-eTTQoPku1X9kLOl1eM-E2JH1woMQlGfIDWTL9YVa3zM%3D&hl=zh-Hant-TW&gl=tw&fo_m=MfohQo559jFvMUOzJVpjPL1YMfZ3bInYwBDuMfaXTPp5KXh-&utm_source=tactile&gei=ctE7afrdAsKMvr0Pp9LuoAQ&ei=ctE7afrdAsKMvr0Pp9LuoAQ&fo_s=OA&opi=79508299&orderType=1&ebb=1&cs=0&foub=mcpp,"
線上點餐",,·,$1-200,https://www.gstatic.com/images/icons/material/system_gm/2x/account_circle_filled_googblue_24dp.png,,,,,·,,,,
https://www.google.com/maps/place/%E6%9C%88%E9%9C%9E+Waha+Cafe/data=!4m7!3m6!1s0x3442a944c2970837:0x275013e447135167!8m2!3d25.0553361!4d121.5197593!16s%2Fg%2F11h110x6mv!19sChIJNwiXwkSpQjQRZ1ETR-QTUCc?authuser=0&hl=zh-TW&rclk=1,月霞 Waha Cafe,4.4,(778),咖啡廳,赤峰街47巷3號1樓,營業中,· 打烊時間：19:00,·,02 2555 1118,,"""",肉桂捲,,,,·,$200-400,https://ssl.gstatic.com/local/servicebusiness/default_user.png,普通,肉,"桂味不太重
焦糖奶茶滿特別
不會回訪""",,,,,,
https://www.google.com/maps/place/%E6%9C%AC%E7%84%B6%E7%94%9F%E6%B4%BBNisarga+Cafe%2F%E7%84%A1%E8%A8%82%E4%BD%8D%2F%E8%BC%95%E8%81%B2%E4%BA%A4%E8%AB%87/data=!4m7!3m6!1s0x3442abaf7e8b7e15:0xebd333a8aa28ba7b!8m2!3d25.0382843!4d121.5740333!16s%2Fg%2F11ll08jq_0!19sChIJFX6Lfq-rQjQRe7ooqqgz0-s?authuser=0&hl=zh-TW&rclk=1,本然生活Nisarga Cafe/無訂位/輕聲交談,4.7,(308),咖啡店,·,營業中,· 打烊時間：19:00,虎林街164巷60弄17號,02 2722 2550,,購物者瀏覽過：,肉桂捲,,,,·,$200-400,https://www.gstatic.com/images/icons/material/system_gm/2x/account_circle_filled_googblue_24dp.png,,,,,·,,,,
https://www.google.com/maps/place/%E8%91%9B%E8%83%96%E6%89%8B%E4%BD%9C%E9%BA%B5%E5%8C%85%E5%9D%8A/data=!4m7!3m6!1s0x345d4d5d9fd02519:0xa588dca1eab6eeda!8m2!3d24.9876583!4d121.5504185!16s%2Fg%2F11fhqrrcfg!19sChIJGSXQn11NXTQR2u626qHciKU?authuser=0&hl=zh-TW&rclk=1,葛胖手作麵包坊,4.4,(710),麵包西餅店,·,營業中,· 打烊時間：17:30,木柵路一段147號,02 2236 8980,,這裡有販售：,肉桂捲,,,,·,$200-400,https://www.gstatic.com/images/icons/material/system_gm/2x/shopping_bag_googblue_24dp.png,,,,,·,,,,
https://www.google.com/maps/place/%E6%9D%BE%E6%9E%9C%E9%99%A2%E5%AD%90%28%E5%8D%88%E6%99%9A%E9%A4%90%E6%9C%80%E5%BE%8C%E9%BB%9E%E9%A4%90%E6%99%82%E9%96%93%EF%BC%9A15:50%2F19:50%29/data=!4m7!3m6!1s0x3442ab8d198cd5bd:0x3cd95ae836d25d8c!8m2!3d25.0609334!4d121.561608!16s%2Fg%2F11bxfwtxm1!19sChIJvdWMGY2rQjQRjF3SNuha2Tw?authuser=0&hl=zh-TW&rclk=1,松果院子(午晚餐最後點餐時間：15:50/19:50),4.2,"(2,267)",意大利菜,·,營業中,· 打烊時間：21:00,富錦街449號,02 2765 0386,,"""手工黑糖",肉桂捲,https://www.google.com/viewer/chooseprovider?mid=/g/11bxfwtxm1&g2lbs=AO8LyOJcGXi7jRTa-Zuafe4z6z3Jxtkn3j-bqUaI7IqjaC5mJTTh_JDDwdqaOtmt_RYsRKQzB96Iu2lrlyWuFNyAbkb3fAPMKN9eKWkzGb1QoVJlSK2gCN0%3D&hl=zh-Hant-TW&gl=tw&fo_m=MfohQo559jFvMUOzJVpjPL1YMfZ3bInYwBDuMfaXTPp5KXh-&utm_source=tactile&gei=ctE7afrdAsKMvr0Pp9LuoAQ&ei=ctE7afrdAsKMvr0Pp9LuoAQ&fo_s=OA&opi=79508299&ebb=1&cs=0&foub=mcpp,"
線上點餐",,·,$400-600,https://ssl.gstatic.com/local/servicebusiness/default_user.png,；,肉桂,薰陶味道充足，麵包,,供應自製料理的愜意餐廳,·,"https://www.google.com/maps/reserve/v/dine/c/svn90F-Am1w?source=pa&opi=79508299&hl=zh-TW&gei=ctE7afrdAsKMvr0Pp9LuoAQ&sourceurl=https://www.google.com/search?tbm%3Dmap%26authuser%3D0%26hl%3Dzh-TW%26gl%3Dtw%26pb%3D!4m9!1m3!1d249165.93839415725!2d121.46201214185912!3d25.064912685411315!2m0!3m2!1i1280!2i585!4f13.1!7i20!8i40!10b1!12m26!1m5!18b1!30b1!31m1!1b1!34e1!2m4!5m1!6e2!20e3!39b1!10b1!12b1!13b1!16b1!17m1!3e1!20m4!5e2!6b1!8b1!14b1!46m1!1b0!96b1!99b1!19m4!2m3!1i360!2i120!4i8!20m65!2m2!1i203!2i100!3m2!2i4!5b1!6m6!1m2!1i86!2i86!1m2!1i408!2i240!7m33!1m3!1e1!2b0!3e3!1m3!1e2!2b1!3e2!1m3!1e2!2b0!3e3!1m3!1e8!2b0!3e3!1m3!1e10!2b0!3e3!1m3!1e10!2b1!3e2!1m3!1e10!2b0!3e4!1m3!1e9!2b1!3e2!2b1!9b0!15m16!1m7!1m2!1m1!1e2!2m2!1i195!2i195!3i20!1m7!1m2!1m1!1e2!2m2!1i195!2i195!3i20!22m5!1sV9E7aeqOELa2vr0PzNWJgAc:179!2s1i:0,t:246204,p:V9E7aeqOELa2vr0PzNWJgAc:179!7e81!12e22!17sV9E7aeqOELa2vr0PzNWJgAc:180!24m109!1m30!13m9!2b1!3b1!4b1!6i1!8b1!9b1!14b1!20b1!25b1!18m19!3b1!4b1!5b1!6b1!9b1!13b1!14b1!17b1!20b1!21b1!22b1!27m1!1b0!28b0!32b1!33m1!1b1!34b1!36e2!10m1!8e3!11m1!3e1!14m1!3b0!17b1!20m2!1e3!1e6!24b1!25b1!26b1!27b1!29b1!30m1!2b1!36b1!37b1!39m3!2m2!2i1!3i1!43b1!52b1!54m1!1b1!55b1!56m1!1b1!61m2!1m1!1e1!65m5!3m4!1m3!1m2!1i224!2i298!72m22!1m8!2b1!5b1!7b1!12m4!1b1!2b1!4m1!1e1!4b1!8m10!1m6!4m1!1e1!4m1!1e3!4m1!1e4!3sother_user_google_review_posts__and__hotel_and_vr_partner_review_posts!6m1!1e1!9b1!89b1!98m3!1b1!2b1!3b1!103b1!113b1!114m3!1b1!2m1!1b1!117b1!122m1!1b1!126b1!127b1!26m4!2m3!1i80!2i92!4i8!30m28!1m6!1m2!1i0!2i0!2m2!1i530!2i585!1m6!1m2!1i1230!2i0!2m2!1i1280!2i585!1m6!1m2!1i0!2i0!2m2!1i1280!2i20!1m6!1m2!1i0!2i565!2m2!1i1280!2i585!34m19!2b1!3b1!4b1!6b1!8m6!1b1!3b1!4b1!5b1!6b1!7b1!9b1!12b1!14b1!20b1!23b1!25b1!26b1!31b1!37m1!1e81!42b1!46m1!1e10!47m0!49m10!3b1!6m2!1b1!2b1!7m2!1e3!2b1!8b1!9b1!10e2!50m26!1m21!2m7!1u3!4z54ef5qWt5Lit!5e1!9s0ahUKEwi6-P2C0LeRAxWgoa8BHeJ8FM4Q_KkBCAcoAg!10m2!3m1!1e1!2m7!1u2!4z6KmV5YiG5pyA6auY!5e1!9s0ahUKEwi6-P2C0LeRAxWgoa8BHeJ8FM4Q_KkBCAgoAw!10m2!2m1!1e1!3m1!1u3!3m1!1u2!4BIAE!2e2!3m2!1b1!3b1!59BQ2dBd0Fn!67m5!7b1!10b1!14b1!15m1!1b0!69i761%26q%3D%25E8%2582%2589%25E6%25A1%2582%25E6%258D%25B2%26ech%3D3%26psi%3DV9E7aeqOELa2vr0PzNWJgAc.1765527896960.1","
訂位",
https://www.google.com/maps/place/Congrats+Caf%C3%A9/data=!4m7!3m6!1s0x3442abcda5572b7b:0x34c1cf42f30f9caf!8m2!3d25.0329519!4d121.5505806!16s%2Fg%2F11cs613lv3!19sChIJeytXpc2rQjQRr5wP80LPwTQ?authuser=0&hl=zh-TW&rclk=1,Congrats Café,4.4,"(1,387)",咖啡店,·,營業中,· 打烊時間：20:00,文昌街49號,02 2700 6639,,購物者瀏覽過：,肉桂捲,https://www.google.com/viewer/chooseprovider?mid=/g/11cs613lv3&g2lbs=AO8LyOLwKqoOwPeeXKcI3EwIk1R5dEm3tpG4hFSUB81E9e-zGKiOlxdqPyFvWZN8HUOv6ntPh9wVtO2rlnXZsTe6yBz_H-NpnFEkic-gidFu9onZYnljqKc%3D&hl=zh-Hant-TW&gl=tw&fo_m=MfohQo559jFvMUOzJVpjPL1YMfZ3bInYwBDuMfaXTPp5KXh-&utm_source=tactile&gei=ctE7afrdAsKMvr0Pp9LuoAQ&ei=ctE7afrdAsKMvr0Pp9LuoAQ&fo_s=OA&opi=79508299&ebb=1&cs=0&foub=mcpp,"
線上點餐",,·,$200-400,https://www.gstatic.com/images/icons/material/system_gm/2x/account_circle_filled_googblue_24dp.png,,,,,專賣烘焙食品的奇特咖啡店,·,,,
https://www.google.com/maps/place/A.M.9.Neihu/data=!4m7!3m6!1s0x3442ad717b445027:0x3c2e4d4fd792691!8m2!3d25.0683428!4d121.5862164!16s%2Fg%2F11v0167t0f!19sChIJJ1BEe3GtQjQRkSZ5_dTkwgM?authuser=0&hl=zh-TW&rclk=1,A.M.9.Neihu,5.0,(50),外帶咖啡專賣店,民權東路六段90巷5弄2-2號,已打烊,⋅ 開始營業時間：週六09:00,·,0960 966 225,,"""個人也很愛他們家的",肉桂捲,https://www.google.com/viewer/chooseprovider?mid=/g/11v0167t0f&g2lbs=AO8LyOKlds2UwB_Y_pJxOl_G1rUYfyvEr7rjcg1pm2_HPhpB9C-mEhyYsrLTdg2OQvjHPfF29PPY0k1WbHoAkY8LHP1KZVMfvVP23KEa7gU6k8ikJgPq3hI%3D&hl=zh-Hant-TW&gl=tw&fo_m=MfohQo559jFvMUOzJVpjPL1YMfZ3bInYwBDuMfaXTPp5KXh-&utm_source=tactile&gei=ctE7afrdAsKMvr0Pp9LuoAQ&ei=ctE7afrdAsKMvr0Pp9LuoAQ&fo_s=OA&opi=79508299&ebb=1&cs=0&foub=mcpp,"
線上點餐",,·,$1-200,https://ssl.gstatic.com/local/servicebusiness/default_user.png,，吃起來稍微脆脆的，,肉桂,"也不會濕濕的味道很重。""",,,,,,
https://www.google.com/maps/place/R%EF%BC%8EU+COFFEE%28%E7%84%A1%E8%A8%82%E4%BD%8D%29/data=!4m7!3m6!1s0x3442ae9b230551ab:0x933a47460a5338de!8m2!3d25.1070596!4d121.5280356!16s%2Fg%2F11ddx4kcqs!19sChIJq1EFI5uuQjQR3jhTCkZHOpM?authuser=0&hl=zh-TW&rclk=1,R．U COFFEE(無訂位),4.6,(384),咖啡廳,·,即將打烊,：17:00 · 開始營業時間：週六09:00,德行東路90巷11號,02 2832 2231,,"""這次加點",肉桂捲,https://www.google.com/viewer/chooseprovider?mid=/g/11ddx4kcqs&g2lbs=AO8LyOKwR4Kkmg1jgQAENyFdv7O1OoY2ceJhSkNKsw5qefY2WK65KM1a08amiEEY3UX0FuZ7jglJEce-HnBA6kLX8sDgFoDU1ymP5NP9kMxestcIX9Iuvt8%3D&hl=zh-Hant-TW&gl=tw&fo_m=MfohQo559jFvMUOzJVpjPL1YMfZ3bInYwBDuMfaXTPp5KXh-&utm_source=tactile&gei=ctE7afrdAsKMvr0Pp9LuoAQ&ei=ctE7afrdAsKMvr0Pp9LuoAQ&fo_s=OA&opi=79508299&ebb=1&cs=0&foub=mcpp,"
線上點餐",,·,$200-400,https://ssl.gstatic.com/local/servicebusiness/default_user.png,"，麵包體鬆軟，不會過於甜膩
個人不太喜",歡肉,"桂，覺得可以點！""",,·,,,,
https://www.google.com/maps/place/CHIT+CHAT+Cafe+%E5%8D%97%E4%BA%AC%E5%BA%97/data=!4m7!3m6!1s0x3442abd70f9727fb:0xc87abc939ddf7dec!8m2!3d25.0512437!4d121.5594757!16s%2Fg%2F11mhlcjf3f!19sChIJ-yeXD9erQjQR7H3fnZO8esg?authuser=0&hl=zh-TW&rclk=1,CHIT CHAT Cafe 南京店,4.6,"(1,303)",咖啡廳,南京東路五段38號1樓,營業中,· 打烊時間：20:00,·,02 2742 0338,https://lh3.googleusercontent.com/gps-cs-s/AG0ilSyi6cLuw4ZfEGOkP8LjnyRw6xGZJqnBmHh3aAeZeRIIS-TUj5V9Um79dPp8L4P95bSyi01fLC0bYSUBFg83mJ-VCvRWhFC_b8H0X8P2QeZRWLpq7hDTmxqM5FsUH_PgyF5Z6X8=w92-h92-k-no,"""週末偶遇的早午餐店
用餐環境舒適
拼盤的豬排肉質嫩",推薦,"https://www.google.com/maps/reserve/v/dine/c/fPnIU36uvqY?source=pa&opi=79508299&hl=zh-TW&gei=ctE7afrdAsKMvr0Pp9LuoAQ&sourceurl=https://www.google.com/search?tbm%3Dmap%26authuser%3D0%26hl%3Dzh-TW%26gl%3Dtw%26pb%3D!4m9!1m3!1d249165.93839415725!2d121.46201214185912!3d25.064912685411315!2m0!3m2!1i1280!2i585!4f13.1!7i20!8i40!10b1!12m26!1m5!18b1!30b1!31m1!1b1!34e1!2m4!5m1!6e2!20e3!39b1!10b1!12b1!13b1!16b1!17m1!3e1!20m4!5e2!6b1!8b1!14b1!46m1!1b0!96b1!99b1!19m4!2m3!1i360!2i120!4i8!20m65!2m2!1i203!2i100!3m2!2i4!5b1!6m6!1m2!1i86!2i86!1m2!1i408!2i240!7m33!1m3!1e1!2b0!3e3!1m3!1e2!2b1!3e2!1m3!1e2!2b0!3e3!1m3!1e8!2b0!3e3!1m3!1e10!2b0!3e3!1m3!1e10!2b1!3e2!1m3!1e10!2b0!3e4!1m3!1e9!2b1!3e2!2b1!9b0!15m16!1m7!1m2!1m1!1e2!2m2!1i195!2i195!3i20!1m7!1m2!1m1!1e2!2m2!1i195!2i195!3i20!22m5!1sV9E7aeqOELa2vr0PzNWJgAc:179!2s1i:0,t:246204,p:V9E7aeqOELa2vr0PzNWJgAc:179!7e81!12e22!17sV9E7aeqOELa2vr0PzNWJgAc:180!24m109!1m30!13m9!2b1!3b1!4b1!6i1!8b1!9b1!14b1!20b1!25b1!18m19!3b1!4b1!5b1!6b1!9b1!13b1!14b1!17b1!20b1!21b1!22b1!27m1!1b0!28b0!32b1!33m1!1b1!34b1!36e2!10m1!8e3!11m1!3e1!14m1!3b0!17b1!20m2!1e3!1e6!24b1!25b1!26b1!27b1!29b1!30m1!2b1!36b1!37b1!39m3!2m2!2i1!3i1!43b1!52b1!54m1!1b1!55b1!56m1!1b1!61m2!1m1!1e1!65m5!3m4!1m3!1m2!1i224!2i298!72m22!1m8!2b1!5b1!7b1!12m4!1b1!2b1!4m1!1e1!4b1!8m10!1m6!4m1!1e1!4m1!1e3!4m1!1e4!3sother_user_google_review_posts__and__hotel_and_vr_partner_review_posts!6m1!1e1!9b1!89b1!98m3!1b1!2b1!3b1!103b1!113b1!114m3!1b1!2m1!1b1!117b1!122m1!1b1!126b1!127b1!26m4!2m3!1i80!2i92!4i8!30m28!1m6!1m2!1i0!2i0!2m2!1i530!2i585!1m6!1m2!1i1230!2i0!2m2!1i1280!2i585!1m6!1m2!1i0!2i0!2m2!1i1280!2i20!1m6!1m2!1i0!2i565!2m2!1i1280!2i585!34m19!2b1!3b1!4b1!6b1!8m6!1b1!3b1!4b1!5b1!6b1!7b1!9b1!12b1!14b1!20b1!23b1!25b1!26b1!31b1!37m1!1e81!42b1!46m1!1e10!47m0!49m10!3b1!6m2!1b1!2b1!7m2!1e3!2b1!8b1!9b1!10e2!50m26!1m21!2m7!1u3!4z54ef5qWt5Lit!5e1!9s0ahUKEwi6-P2C0LeRAxWgoa8BHeJ8FM4Q_KkBCAcoAg!10m2!3m1!1e1!2m7!1u2!4z6KmV5YiG5pyA6auY!5e1!9s0ahUKEwi6-P2C0LeRAxWgoa8BHeJ8FM4Q_KkBCAgoAw!10m2!2m1!1e1!3m1!1u3!3m1!1u2!4BIAE!2e2!3m2!1b1!3b1!59BQ2dBd0Fn!67m5!7b1!10b1!14b1!15m1!1b0!69i761%26q%3D%25E8%2582%2589%25E6%25A1%2582%25E6%258D%25B2%26ech%3D3%26psi%3DV9E7aeqOELa2vr0PzNWJgAc.1765527896960.1","
訂位",,·,$200-400,https://ssl.gstatic.com/local/servicebusiness/default_user.png,"肉桂捲""",,,,,,,,
https://www.google.com/maps/place/%E5%9F%B9%E6%8B%8C%E6%89%8B%E4%BD%9C/data=!4m7!3m6!1s0x3442af8ec85165db:0xbd80eae3921ae6fe!8m2!3d25.1282187!4d121.5009941!16s%2Fg%2F11rfpzswdw!19sChIJ22VRyI6vQjQR_uYakuPqgL0?authuser=0&hl=zh-TW&rclk=1,培拌手作,4.8,(82),麵包西餅店,·,營業中,· 打烊時間：20:30,中央南路一段214號,02 2897 5656,,購物者瀏覽過：,肉桂捲,,,,·,$1-200,https://www.gstatic.com/images/icons/material/system_gm/2x/account_circle_filled_googblue_24dp.png,,,,,·,,,,
https://www.google.com/maps/place/%E8%8B%92%E5%86%89%E5%B0%8F%E9%A3%9F%E5%85%89/data=!4m7!3m6!1s0x3442ab2e6d0d9d7f:0x9b35034ed36a5b03!8m2!3d25.0555935!4d121.6070067!16s%2Fg%2F11fmsthp66!19sChIJf50NbS6rQjQRA1tq004DNZs?authuser=0&hl=zh-TW&rclk=1,苒冉小食光,4.6,(528),咖啡店,興中路28巷5號,營業中,· 打烊時間：19:00,·,02 2788 9639,,購物者瀏覽過：,肉桂捲,https://www.google.com/viewer/chooseprovider?mid=/g/11fmsthp66&g2lbs=AO8LyOLRyt0omwevEFduL1XjVXFU79wY31TBoUdL7RQOLaSBJX_ZamGpLb3CqNEK7t3g5WPFSxPBfQiGUOLR-gDBBoXQ5bCVWVzSP-Z_VXWxu5sPCfDCSm8%3D&hl=zh-Hant-TW&gl=tw&fo_m=MfohQo559jFvMUOzJVpjPL1YMfZ3bInYwBDuMfaXTPp5KXh-&utm_source=tactile&gei=d9E7aeudHu3_1e8PyJmO6Ag&ei=d9E7aeudHu3_1e8PyJmO6Ag&fo_s=OA&opi=79508299&orderType=1&ebb=1&cs=0&foub=mcpp,"
線上點餐",,·,$200-400,https://www.gstatic.com/images/icons/material/system_gm/2x/account_circle_filled_googblue_24dp.png,,,,,,,,,
https://www.google.com/maps/place/annyoung+cafe+%E4%BD%A0%E5%A5%BD%E5%92%96%E5%95%A1/data=!4m7!3m6!1s0x3442ab4473fc64f9:0x6b7ecf660b585b3!8m2!3d25.04248!4d121.553625!16s%2Fg%2F11j9h95j2c!19sChIJ-WT8c0SrQjQRs4W1YPbstwY?authuser=0&hl=zh-TW&rclk=1,annyoung cafe 你好咖啡,4.4,(856),咖啡店,·,營業中,· 打烊時間：23:00,延吉街70巷5弄2號1樓,0958 033 013,,"""",肉桂捲,,,,·,$200-400,https://ssl.gstatic.com/local/servicebusiness/default_user.png,"/$140
整體",肉桂,"味不會很濃，上面堅果很多，吃起來濕潤不會太乾。""",,·,,,,
https://www.google.com/maps/place/Keystone+Coffee+Roasters+%EF%BC%88%E7%84%A1%E8%A8%82%E4%BD%8D%E6%9C%8D%E5%8B%99%EF%BC%89/data=!4m7!3m6!1s0x3442ab7e21961003:0xb408df993d93cc9b!8m2!3d25.0476691!4d121.5413285!16s%2Fg%2F11g4d1qqns!19sChIJAxCWIX6rQjQRm8yTPZnfCLQ?authuser=0&hl=zh-TW&rclk=1,Keystone Coffee Roasters （無訂位服務）,4.6,(260),咖啡廳,八德路二段267巷19號1樓,營業中,· 打烊時間：17:30,·,02 2721 9363,,"""拿鐵咖啡有特殊香味",肉桂,,,,·,$1-200,https://ssl.gstatic.com/local/servicebusiness/default_user.png,"捲不錯 店內鄰近公園 坐戶外應該另有一番感覺""",,,,,,,,
https://www.google.com/maps/place/D23+Coffee+%E5%A4%A7%E7%9B%B4%E5%BA%97/data=!4m7!3m6!1s0x3442ac0f30f106bb:0x937375970ab7bc45!8m2!3d25.0779742!4d121.5503381!16s%2Fg%2F11cmn8r7lb!19sChIJuwbxMA-sQjQRRby3Cpd1c5M?authuser=0&hl=zh-TW&rclk=1,D23 Coffee 大直店,4.7,(405),咖啡廳,·,營業中,· 打烊時間：17:30,明水路397巷7弄46號,02 2533 8599,,"""這顆",肉桂捲,,,,·,$1-200,https://ssl.gstatic.com/local/servicebusiness/default_user.png,個人覺得很像中原街的Kikumo的,肉桂捲,"。""",,·,,,,
https://www.google.com/maps/place/%E9%A2%A8%E6%BD%AE%E5%92%96%E5%95%A1Agitation+coffee/data=!4m7!3m6!1s0x3442a94ba4184413:0x5bc824999cbf1985!8m2!3d25.0573649!4d121.532667!16s%2Fg%2F11sqx4tqys!19sChIJE0QYpEupQjQRhRm_nJkkyFs?authuser=0&hl=zh-TW&rclk=1,風潮咖啡Agitation coffee,4.7,(511),咖啡廳,·,營業中,· 打烊時間：22:00,松江路204巷2號1樓,02 2511 8589,,"""",肉桂捲,https://www.google.com/viewer/chooseprovider?mid=/g/11sqx4tqys&g2lbs=AO8LyOLKJfwqyGGJxRxMHjgfOSXKLGzvG74Ir1Ra_98TybaEqgxjqSjasbpmA7HXuAtk9bMa31gAhLOkEvaxD8JtMohyTiZhf7hmge6rKkR_i4zCN8kUABs%3D&hl=zh-Hant-TW&gl=tw&fo_m=MfohQo559jFvMUOzJVpjPL1YMfZ3bInYwBDuMfaXTPp5KXh-&utm_source=tactile&gei=d9E7aeudHu3_1e8PyJmO6Ag&ei=d9E7aeudHu3_1e8PyJmO6Ag&fo_s=OA&opi=79508299&ebb=1&cs=0&foub=mcpp,"
線上點餐",,·,$200-400,https://ssl.gstatic.com/local/servicebusiness/default_user.png,也很不錯，淋醬的比例拿捏得剛剛好，不會搶掉,肉桂,"味，甜度也不會太高。""",,·,,,,
https://www.google.com/maps/place/%E9%81%93%E6%BB%BF%E7%94%9C%E9%BB%9E%EF%BC%88%E8%82%89%E6%A1%82%E6%8D%B2%EF%BC%89%EF%BD%9C%E5%B7%A5%E4%BD%9C%E5%AE%A4%EF%BD%9C%E6%8F%90%E4%BE%9B%E9%A0%90%E7%B4%84%E5%BE%8C%E8%87%AA%E5%8F%96%E6%9C%8D%E5%8B%99%E3%80%81%E7%84%A1%E5%85%A7%E7%94%A8/data=!4m7!3m6!1s0x3442a90027287d77:0xd96441f95455d8de!8m2!3d25.0583506!4d121.4914501!16s%2Fg%2F11y3_smrt8!19sChIJd30oJwCpQjQR3thVVPlBZNk?authuser=0&hl=zh-TW&rclk=1,道滿甜點（肉桂捲）｜工作室｜提供預約後自取服務、無內用,5.0,(16),甜品店,·,營業中,· 打烊時間：18:00,光明路36號1樓,,,"""精品咖啡配櫻桃鴨比薩，超級好吃，而且咖啡喝了不會晚上睡不著，是好咖啡""",,,,,,,https://ssl.gstatic.com/local/servicebusiness/default_user.png,,,,,,,,,
https://www.google.com/maps/place/%E5%A4%A7%E5%B1%B1%E5%92%96%E5%95%A1%E5%BA%97/data=!4m7!3m6!1s0x3442abb36cfffb83:0x2818f7b33ab60b59!8m2!3d25.0276301!4d121.5668061!16s%2Fg%2F11hbk8nl80!19sChIJg_v_bLOrQjQRWQu2OrP3GCg?authuser=0&hl=zh-TW&rclk=1,大山咖啡店,4.6,(616),咖啡廳,·,營業中,· 打烊時間：18:00,莊敬路423巷2弄1號,02 2758 6243,https://lh3.googleusercontent.com/gps-cs-s/AG0ilSxF8RskkXFLHmXFLRVayYdH5WPzubnslm7dpKpj-Wy_HpLhrCYrDnejqF7XTqF5qXIR6_990HZDtXj7qsWKw3J2um2gz1ZTyIdJ1FSfp9adKjvFYEfNhYkR85rARkFBmA-siMbz=w122-h92-k-no,"""大推",肉桂捲,https://www.google.com/viewer/chooseprovider?mid=/g/11hbk8nl80&g2lbs=AO8LyOKeR_i7EZo_k08WRyYF3LaVtyjuW4uAExtJl9L0PuYnxJAZ5nYXUEQe5by03InAHotPQFYuIQv_X2-KmSqfWOmGF-cl24jQcwkazc4gNY4mWLUsJrQ%3D&hl=zh-Hant-TW&gl=tw&fo_m=MfohQo559jFvMUOzJVpjPL1YMfZ3bInYwBDuMfaXTPp5KXh-&utm_source=tactile&gei=d9E7aeudHu3_1e8PyJmO6Ag&ei=d9E7aeudHu3_1e8PyJmO6Ag&fo_s=OA&opi=79508299&orderType=1&ebb=1&cs=0&foub=mcpp,"
線上點餐",,·,$200-400,https://ssl.gstatic.com/local/servicebusiness/default_user.png,"👍👍👍
吃過他們家的其他都吃不慣了
只是不是時常都有就是了""",,,,·,,,,
https://www.google.com/maps/place/Dreamers+Coffee+Roasters+%E5%85%89%E5%BE%A9%E5%BA%97/data=!4m7!3m6!1s0x3442ab4d6df242a7:0x8c0b89c1475e52b7!8m2!3d25.0406034!4d121.5569341!16s%2Fg%2F11mtrs9yq3!19sChIJp0LybU2rQjQRt1JeR8GJC4w?authuser=0&hl=zh-TW&rclk=1,Dreamers Coffee Roasters 光復店,4.4,(993),咖啡廳,光復南路240巷11號,營業中,· 打烊時間：21:30,·,02 2778 1238,https://lh3.googleusercontent.com/gps-cs-s/AG0ilSwVThFM7ArSfju1Sy15tJwiOvH7i__6ZWPkIZqGHfMn6DzfS1SDHofEOMczOJ7318ELjHHu-awuYwlizsZFckmWvfn-jJwoF2DVEDtdaa9U-oaD0svQAZ8-Thyc2QW9H6jIRHMP2Q=w80-h106-k-no,"""服務員親切🥰",肉桂,https://www.google.com/viewer/chooseprovider?mid=/g/11mtrs9yq3&g2lbs=AO8LyOJAiqMlOou2R4uJw7ExVpQXdKn13-seqEg5ZRkiTRrzHN_JKi2moHfLiU6-OtQsFaOphIIH2hpaFfFoJ_aqR7H66hmX9nTuCBs2YVII7izqQxEbSPg%3D&hl=zh-Hant-TW&gl=tw&fo_m=MfohQo559jFvMUOzJVpjPL1YMfZ3bInYwBDuMfaXTPp5KXh-&utm_source=tactile&gei=d9E7aeudHu3_1e8PyJmO6Ag&ei=d9E7aeudHu3_1e8PyJmO6Ag&fo_s=OA&opi=79508299&orderType=1&ebb=1&cs=0&foub=mcpp,"
線上點餐",,·,$200-400,https://ssl.gstatic.com/local/servicebusiness/default_user.png,"捲$100
是不會辣",的肉,"桂粉，香氣足夠，非常好吃！""",,,,,,
https://www.google.com/maps/place/%E6%89%BF%E7%B9%BC%E5%93%81%E7%89%8C%E6%A6%82%E5%BF%B5%E5%BA%97/data=!4m7!3m6!1s0x3442ab6aaa0212bd:0xe94936248716f87c!8m2!3d25.0559841!4d121.5464034!16s%2Fg%2F11k3y2qsh7!19sChIJvRICqmqrQjQRfPgWhyQ2Sek?authuser=0&hl=zh-TW&rclk=1,承繼品牌概念店,4.6,"(1,753)",法式糕餅店,·,營業中,· 打烊時間：19:00,興安街222號1樓,02 2514 0758,https://lh3.googleusercontent.com/gps-cs-s/AG0ilSzX-3LwKzh4S_QR2qtb7F-VMTY3_hZVq9gmlFRCSbyD99qKBJxCdgjsM3D8bLn58cgEPdG750_w3UZRzLDehfluZIq0Po4nCXYVI92FQSe00IFQVtPuX76UxjSxC_3luWaL8zJszFLJPpHk=w122-h92-k-no,購物者瀏覽過：,肉桂捲,,,,,,https://www.gstatic.com/images/icons/material/system_gm/2x/account_circle_filled_googblue_24dp.png,,,,,·,,,,
